y1,x1,z1,z2,z3,z4,z5,z6,z7,z8,z9
1.413049066,65.645645,25058,88.199997,0.62536579,20.200001,2187,11961,12207,33.799999,52
2.202106475,71.88475,13636,83.300003,0.63773525,21.6,1201,6429,6328,27.5,71.900002
1.602412653,63.271542,24637,88.300003,0.58036852,20.5,2239,11777,12237,26.1,44.700001
1.117683014,34.06308,96246,87.099998,0.52070493,31.1,6789,49481,48062,55.5,18.700001
1.013600402,42.778378,38929,81,0.5550046,23.200001,2935,17344,20340,42.099998,36.700001
2.530427109,47.205925,16886,81.900002,0.49855292,20.6,1253,7947,8461,0,10.3
2.356865302,58.466175,26738,84.099998,0.55657226,24.4,2052,12568,12549,31.6,49.5
1.751577652,50.684071,30383,79.699997,0.49485555,26.299999,2301,15162,15509,51.400002,20.700001
1.224311553,46.309258,36577,84.800003,0.54431409,21.799999,2812,16022,19802,52.799999,16.1
2.127456048,64.908119,15190,83.300003,0.58416718,19.200001,1228,6796,7942,0,31.1
1.329139262,48.081337,46017,86.099998,0.54674852,17.6,3739,21990,24091,23.9,1.1
1.238961131,58.209354,56866,85.800003,0.55873924,32.599998,4399,28618,26481,50.099998,57.700001
1.559458029,53.809502,22899,78.400002,0.50171298,21.1,1883,10508,12003,17.200001,15.1
2.192565429,77.78582,13863,90.400002,0.62579781,17.4,1216,6737,6143,20.5,81.300003
1.987044662,64.056786,15859,83.5,0.58070153,19.1,1408,7441,7711,33.799999,45.599998
1.055955139,46.032688,50661,86.400002,0.56071025,29.4,3843,24724,26560,62,27.299999
1.472811289,52.100143,37443,82.199997,0.50748062,17.4,3121,18314,18688,25.5,6.0999999
0.39090597,30.840883,636496,85.5,0.5022791,36.799999,40993,301432,341992,84.599998,34.599998
1.798617929,35.300106,61690,83.400002,0.52424163,32.700001,4326,30526,31681,51.400002,11.8
1.883874778,56.771191,24916,79.599998,0.52708369,17.799999,2186,12406,11850,0,22.299999
0.568772593,42.510731,50395,83.599998,0.6176995,35.900002,3483,28046,21898,64.199997,36.599998
1.854060473,76.947334,15883,85,0.61577225,18.6,1472,7938,6332,0,80.699997
1.464558604,60.517235,27413,87.900002,0.65700483,29.5,2091,13041,13277,13.3,83.400002
1.046268443,29.391495,119011,82.699997,0.46667731,43,7429,62645,57301,63.900002,18.700001
1.343311518,52.759903,22215,84.5,0.53270751,19.1,1830,10120,12139,13.3,3.3
0.573037992,41.137676,48054,83.199997,0.50234461,23.799999,3532,23458,25327,46.799999,2.3
0.744635938,31.982508,317383,87.900002,0.52096593,37.900002,21808,157446,156735,86.099998,32.099998
1.616994251,36.756565,169937,88,0.51258421,44.700001,10817,83875,86486,84.400002,38.099998
1.307162811,36.461369,61621,82.800003,0.4776563,32.799999,4076,29270,32151,56.599998,12.6
1.892729616,75.13681,17295,85.400002,0.5971812,22.200001,1558,8798,7902,21.9,65.699997
0.789195679,49.997887,47610,82.5,0.52538621,17.200001,3719,23950,21947,59.599998,49.400002
0.997717712,44.420078,25365,85.400002,0.55440038,18,2084,12408,13080,17.700001,16.799999
1.437026377,45.342716,66629,88.199997,0.55134827,27.700001,5445,33302,31941,54.200001,32
1.299300502,40.569523,110215,82.900002,0.54874104,34,7037,55682,55466,70.400002,28.700001
1.812166277,78.654282,18691,85.5,0.6295017,20.299999,1933,9552,8086,0,77.900002
1.560758882,66.053902,29339,79.5,0.51656944,20.799999,2587,17140,11324,0,2.5
0.952708366,24.870682,55443,88.699997,0.48977256,44.5,3514,27964,27132,45.299999,2.4000001
1.013559066,34.775528,41152,86.199997,0.55248082,42.900002,2728,22513,18575,59.099998,2.8
1.511313486,35.830643,14317,85,0.5858407,40.299999,1375,7345,6487,33.099998,2.5999999
2.027152712,22.924339,11970,94.800003,0.63610506,34.299999,1013,5977,5537,36.400002,0.40000001
0.867218338,20.928204,663268,85.099998,0.53194052,47.700001,42917,322803,346702,86.5,3.8
0.234646893,52.000443,36504,73.900002,0.50838292,32.900002,2934,20339,15540,32.400002,2
0.691543495,20.232365,263546,90.199997,0.55987215,51.700001,16492,128908,138712,88.300003,3
0.797641466,38.994263,64117,80.5,0.52497274,29.4,4618,32996,29002,44,5.9000001
1.550320256,35.748341,10776,93.400002,0.54174644,39.700001,758,5222,5490,67.400002,1
0.835679022,23.267536,29280,93.699997,0.58883077,42.799999,2052,11854,17173,44.5,0.5
1.346112578,47.212372,25166,90.199997,0.57433528,25.4,1953,11697,12225,34.200001,36.700001
1.22480496,39.404728,36402,93.300003,0.5898338,33.400002,2407,14499,22058,36.700001,0.1
2.193910057,45.898472,11391,79.599998,0.46932161,29.1,753,4319,7160,0,0.1
1.830895403,49.476391,21498,80.099998,0.55392361,16.9,1860,9532,11860,13.1,0
2.1625623,57.210979,9447,85.800003,0.54950494,21.5,721,3838,5359,0,0
2.462284521,52.216358,15323,94.5,0.62463641,24.5,1292,6876,8443,38.900002,22
0.626835248,63.395897,48148,82.900002,0.55128795,20.799999,3812,24031,21400,40.700001,58.900002
1.026133527,45.382095,24241,85.599998,0.60301375,32.099998,1719,11547,12902,40.299999,10.7
1.81674916,39.001122,47083,90.199997,0.56105244,33.099998,2860,18091,29165,60.700001,10.6
1.637425928,52.37788,20247,90.699997,0.59178865,26.299999,1537,8062,11387,42.700001,37.299999
1.515719958,37.149448,22552,92.300003,0.56504226,28.1,1682,10178,12010,43.700001,14.6
1.43902027,55.913651,19822,87.199997,0.55201524,24.700001,1401,8411,11937,31,2.5999999
1.666167013,46.606544,23922,78.699997,0.56613564,20.1,1999,10985,11910,30.700001,15.2
1.81200703,47.889481,82751,90,0.57040942,30.9,5967,39249,40928,57.400002,43.5
1.970910045,53.431969,12593,86.099998,0.58494323,25,881,5021,7407,31.6,2.0999999
0.492641999,59.189049,70983,77.400002,0.50312358,22.6,5496,35856,32792,38.5,29.5
3.397703519,67.099312,16857,81.199997,0.56843251,19,1461,8249,8391,26.799999,48.5
2.344762201,57.833225,10781,86.199997,0.59145379,20.6,904,4423,6219,33,36
2.71416891,62.10075,4713,79,0.61812919,19.200001,413,2074,2824,0,3.2
0.967794544,62.655258,44681,80.699997,0.55661935,19.700001,3413,21203,20857,45.200001,57.5
2.372471259,50.707546,11024,90.099998,0.59454894,21.700001,865,4733,5696,0,18.5
0.693654052,28.475325,246472,86.800003,0.50155663,46.799999,14443,113064,133348,82.099998,21.4
2.699933214,53.559456,12571,85.5,0.56690729,21.1,940,5403,7095,29.299999,1.3
1.087316363,69.189583,33387,82.400002,0.56843889,19,2889,16533,15003,31.700001,56.700001
0.853421558,31.147223,67614,89.400002,0.55111217,40,4557,29582,37790,79.5,6.8000002
0.991081605,34.66954,56525,85.400002,0.59442723,39.099998,3394,27132,29715,54.400002,0.80000001
2.27896622,66.275085,14370,84.300003,0.62727553,19.299999,1228,6482,7025,0,41.099998
2.591801663,53.01746,11798,85.699997,0.5920608,22.1,872,4736,7245,0,3.5999999
4.913055026,32.712765,376,0,0.28877005,32.900002,22,187,214,0,1.8
0.762765217,19.16839,83214,92.900002,0.64333636,45.299999,5500,35176,47683,53.099998,1.1
2.214299523,22.045916,12035,95.099998,0.61180478,47.5,861,5286,6846,29.1,0.89999998
0.995904511,23.913412,365558,87.699997,0.57727647,40.799999,25223,177719,191284,67.300003,4.8000002
1.17538538,26.177589,72790,86.800003,0.51764965,33.799999,4720,36318,37461,63.5,4.0999999
0.667175928,21.302902,292739,89.400002,0.57305104,42,20509,144399,150368,68.099998,5.6999998
1.014896312,30.863655,50471,90.099998,0.59624392,33.799999,3894,24334,25578,41.700001,5.1999998
1.614349929,22.326252,13993,88.599998,0.61251372,40.099998,800,4555,9249,0,0.1
0.615075633,29.671404,40346,86.300003,0.58889574,32.599998,3303,19416,21042,46.799999,6.9000001
0.91383965,19.658033,199146,74.599998,0.42729497,49.400002,11891,105873,98460,58.5,4
1.152994566,17.730431,21507,95.5,0.61562502,46.200001,1446,8000,13095,23.299999,0.1
1.002208504,18.885666,308142,91.300003,0.56014246,49.400002,18546,139261,169800,67.599998,4.0999999
0.754752686,16.868855,504041,91.400002,0.55764937,48.400002,30876,238320,271203,74.400002,3.4000001
1.2426184,15.500007,739733,90.300003,0.49141079,51,31978,287570,492121,100,10
0.023425566,19.487362,251321,85.599998,0.5595727,36.900002,16015,113928,140311,73.300003,4.6999998
0.761072803,19.175323,81103,90.800003,0.590074,46,5181,36631,46062,55.900002,1.8
-0.212648703,20.798149,83945,90.199997,0.58356661,43.099998,4734,31083,53815,59.900002,0.60000002
0.403457093,16.380983,133953,92.099998,0.48875028,49.099998,7658,67335,70072,79.099998,9.5
0.819041497,18.575953,148239,88.400002,0.56895512,43.900002,9776,63128,85205,44.900002,0.60000002
0.580635769,22.356739,156572,88.5,0.57375526,36.5,11068,70978,87849,52.700001,0.69999999
0.825833279,18.291862,33141,91.5,0.58486617,44.700001,2353,15766,17943,44.099998,0.60000002
1.9065981,17.459381,25677,94.199997,0.59331429,46.299999,1810,11547,14011,40.299999,0.2
1.590740989,28.369936,170118,85.300003,0.5702253,33.099998,13215,80256,87971,44,1.8
2.219025468,16.141487,14599,96,0.59247649,46.200001,909,5742,8971,18.9,0.60000002
0.409045159,15.378343,199705,89,0.50812358,47,11968,98417,105492,61.900002,1.8
0.796465347,21.406294,33977,87.199997,0.52313334,40.599998,2146,16902,17394,60.599998,2.9000001
-0.139938768,16.365047,492947,86,0.52033162,53.400002,25868,218674,286394,100,6.0999999
2.240878654,16.159496,4846,98.800003,0.55565822,50.299999,309,2165,2714,0,0
0.944598344,16.724419,143734,86.5,0.50894111,61.099998,8121,72586,73520,76,3.5
2.895886966,24.452999,5435,94.300003,0.64864862,56,299,3034,2552,63.5,0.2
-0.072078782,21.036932,54043,92.900002,0.65980273,52.799999,3147,25447,28470,65.199997,0.2
1.149295264,19.567772,51287,88.900002,0.57546514,50,3621,23110,27809,46.599998,0.2
2.551687655,27.122211,14328,92.099998,0.52278936,41.200001,1008,6955,7054,48.200001,0.2
2.25293819,26.241327,18508,89.400002,0.5519734,39.099998,1283,8716,9499,27.6,0
2.303185213,38.727028,11332,85.699997,0.58917195,43,914,5338,5527,30.299999,0.1
0.681129659,24.846136,72311,90.900002,0.60117334,43.400002,5042,35454,37106,36.400002,0.1
1.222736598,24.279943,65042,80.900002,0.40995735,40,3307,33523,33151,19.4,14.6
0.243231471,27.63995,73583,85.900002,0.50669956,33.299999,4916,33211,40820,18.700001,20.6
0.873235579,22.176481,766945,89.5,0.47558045,47.799999,34343,334179,461133,100,53.900002
1.070228966,34.337242,77082,84.800003,0.63375235,47.5,4722,41289,34147,49.599998,26.200001
0.164756694,30.749159,67450,83.199997,0.45079285,43.900002,4287,35757,32181,6.5,14.7
0.008944875,17.645664,111537,87.199997,0.44653964,54.299999,5803,56107,58555,54.099998,11.1
0.606095857,24.055037,333644,89.400002,0.51430303,49.599998,17634,136894,203221,96.599998,16.4
2.054378278,30.948858,15741,76.300003,0.46049631,41.5,1058,7012,8822,50,14.5
0.850187083,22.276672,936074,88.599998,0.49643958,46.599998,49110,395881,570731,95.599998,14.7
1.933576559,43.443836,11318,78.400002,0.49235541,26.5,728,4513,7229,50.400002,21.700001
0.715231223,26.250204,456762,85.400002,0.47493899,41.400002,27555,224193,237059,85.199997,23.200001
1.092645188,27.532341,174057,89.099998,0.48062992,40.400002,11556,91378,83732,73.699997,20.6
2.760660172,46.238785,4539,72.800003,0.45984328,28.799999,274,2042,2440,0,38
0.914217865,60.159882,43002,84,0.52650541,21.9,2969,19430,22060,44.200001,59.400002
2.406613161,59.030724,7801,89.699997,0.61687952,22.5,684,3602,3831,0,44.5
1.649166746,43.960709,12206,75.699997,0.48982078,27.200001,945,5747,6685,27.6,9.1999998
1.39909597,43.968445,11020,85.900002,0.49735224,29.700001,692,4721,6378,29.5,21
1.906093453,35.320709,21206,90.599998,0.5301584,33.400002,1310,8903,12364,61,20.9
0.301348263,27.955431,398669,85.199997,0.48704007,36.599998,24287,179708,225790,79.800003,14
2.297000739,59.985928,9986,86.699997,0.55037397,26.1,788,4546,4642,0,59.099998
0.421807966,38.405968,57301,84.800003,0.50927776,38.799999,3624,23551,34519,47.299999,19.4
1.430681082,30.456213,54595,82.400002,0.51251918,42.400002,3107,22126,32847,49.299999,15.7
0.595376346,31.729824,75717,88.699997,0.62313938,49.400002,4476,40779,34769,64.900002,32.700001
2.650795947,58.904785,14197,89.800003,0.61270756,23,1240,6925,6886,22.9,47.5
0.171713995,32.101219,68937,87.300003,0.57437015,37.599998,3708,24331,45318,62.099998,15.1
1.040749109,28.277899,16876,87.300003,0.5161438,40.299999,905,6566,10430,28.299999,20
1.895787553,37.418636,17149,90,0.52741277,28.4,1292,8828,8300,42.299999,24.9
1.092481131,22.288345,61253,86.599998,0.40953097,54.400002,3425,34603,27748,49.200001,6.5
0.668150808,23.018929,264412,87.400002,0.47392666,48.799999,15050,124610,145314,77.800003,14.8
0.697686014,27.657507,231579,87.199997,0.50172609,45.799999,12128,93565,139286,82.800003,22.799999
1.492032728,39.680649,36375,89.599998,0.53645831,27.799999,2167,13824,23305,30.4,11.1
0.72792501,24.541941,375570,87.300003,0.52293581,43.900002,16874,118374,262327,91.099998,8.8000002
0.473064253,31.157862,195695,84.800003,0.51287854,35.200001,12732,90577,107098,61.799999,18.4
0.773999391,23.559601,76878,87.599998,0.52756518,47.599998,3932,26918,51109,68.400002,9.6000004
0.326235808,33.421215,56231,88,0.49379906,43.599998,3246,26367,28639,49.099998,24.6
0.975709092,29.915768,125107,89,0.57301342,46.900002,6464,45430,81309,61.400002,16.799999
1.854635375,51.257961,15927,91.300003,0.62150508,24.299999,1219,7189,8469,33.900002,13.5
2.771948893,58.230492,11083,94,0.6987043,21.9,1032,5171,5942,28.1,19.5
1.840487679,61.665112,13095,86.300003,0.60165435,19.200001,1282,6891,6140,32.200001,23
2.795079767,68.262276,6497,78.199997,0.5651359,16.799999,590,3201,2819,0,28.700001
2.379358153,58.150677,8361,87.400002,0.55787253,21.700001,738,4268,4037,42.099998,13
1.304640661,40.466751,34140,74.599998,0.46430418,20,2031,13545,22123,82.300003,39.599998
0.386935354,31.858496,142521,86.199997,0.51212806,34.799999,9181,69467,73829,83.900002,33.400002
1.207378588,53.257946,24618,88.099998,0.59853059,27.9,1974,12250,11753,34.400002,36.900002
2.030499035,34.399605,10213,87.199997,0.51546782,27.1,763,5269,4546,32.799999,39.799999
2.699635698,61.444721,6857,87.800003,0.59936202,24,578,3135,3402,0,35.400002
1.758421448,38.870796,37953,85.099998,0.54084605,20.9,2675,17517,19074,79.199997,19.200001
0.825924614,31.082579,189988,88.300003,0.50246763,39,12012,92599,97097,90.199997,34
2.999338762,22.373756,12959,50.099998,0.21172932,57.400002,766,9975,4164,0,17.5
1.604848417,36.798161,20069,78.599998,0.48670545,21.9,1486,9628,10696,23.6,9.1999998
1.804925778,35.018044,45641,84,0.59570646,44,2555,24502,21915,69.099998,25.4
0.303066498,18.554796,46628,85.199997,0.48029605,37.700001,2695,25401,22338,65.300003,10.2
2.637917967,63.71553,6212,79.900002,0.51417369,18.5,563,3316,3095,40.200001,37.799999
1.010550469,16.953648,115128,87.900002,0.47823137,41.900002,7163,60454,57296,48.5,7
1.346958241,55.138012,22696,84.900002,0.55484897,24.799999,1882,11322,10376,39.799999,27.200001
1.084886959,47.433823,34459,84.699997,0.54982215,24.6,2886,17151,16966,46.299999,24.1
1.397598033,53.104652,25621,82.5,0.54386806,26.200001,2021,12492,12334,50.400002,41.599998
1.816585065,50.905731,16834,87.900002,0.60773009,18.6,1510,8150,8309,31.1,27.799999
2.24544892,65.422905,11560,86.599998,0.60874295,22.200001,1050,5513,5553,0,52.5
1.591214958,36.341423,77045,84.199997,0.46528015,40.099998,4534,40870,35270,77.099998,34.299999
1.325462694,37.2528,16856,87.400002,0.58196914,17.9,1228,8552,8290,27.5,14.8
1.985368499,71.527405,13026,86.300003,0.61088997,21.200001,1260,6281,6383,27.200001,51.900002
2.426562327,43.851223,10758,92,0.64856356,17.4,854,5082,4953,0,34.5
2.719667459,54.646492,18204,81.099998,0.56628811,19.799999,1546,8365,9184,33.400002,33.099998
0.732520286,29.116785,558303,85.099998,0.50928915,41.200001,31724,263748,306058,93.800003,34.700001
1.411222556,31.53548,42708,87.5,0.47813821,35.799999,2874,21270,21041,72.300003,27.6
0.693600678,31.716923,43913,84.699997,0.48954523,23.799999,2950,22143,21787,29.5,8
2.32095277,72.450928,10016,83.400002,0.60151988,15.9,904,5132,4477,0,74.699997
1.792760002,39.621735,14649,81.800003,0.54983556,21.5,1124,6993,7893,40.400002,8.1999998
1.775197389,47.482525,15518,83.599998,0.52007002,23.5,1213,7424,7821,30.200001,24.5
1.151443641,46.217789,18167,80.599998,0.50607198,25.9,1364,8811,8445,0,42.5
0.97872484,26.812874,39257,88.199997,0.48406458,41.599998,2567,21493,17949,63,22.4
2.198089925,41.32634,18732,79.300003,0.51636201,19.200001,1491,8862,9890,19.200001,12.8
2.396675984,66.041176,17678,79.900002,0.5700891,17.200001,1616,8639,8313,0,56.5
1.860595197,50.098049,8718,91,0.52644002,21.4,658,4236,4087,0,50.200001
2.182582312,60.766365,6566,74.900002,0.56411856,23.200001,563,3205,2728,0,62.700001
1.272001823,51.195602,14716,86.199997,0.44958284,31.4,984,8390,6068,21.9,42.099998
2.761292788,66.885185,5644,81.400002,0.59643918,18.1,498,3033,2794,0,49
0.454965306,40.911015,48640,84.900002,0.51409501,35.799999,3463,25470,23625,62.200001,32.299999
1.778626069,52.50098,12825,83,0.53208089,27,1011,6281,6227,35.799999,42.400002
2.942950029,69.714668,6013,84.5,0.58916396,18.5,559,2787,2447,0,60.099998
1.492855623,55.261589,20194,80.5,0.57056779,22.200001,1684,9792,9366,47.599998,51
0.970113506,30.345133,158410,80.699997,0.44699407,39.299999,9305,85198,77059,82.400002,23.9
2.217692615,45.445309,5939,84.300003,0.56209815,22.200001,517,2955,3326,0,22.1
2.485987232,35.863934,12959,83.599998,0.50230628,16.6,976,6504,6757,0,9.1999998
1.772368694,47.677097,13915,80.800003,0.55784893,29.6,1043,7122,6550,60,58.700001
2.312332433,48.795883,8619,78.699997,0.49232531,20.200001,677,4365,4660,0,4.3000002
2.199938225,54.554081,9529,90.400002,0.60322446,20.700001,897,4776,4771,0,22
1.221390266,39.99345,27734,81.800003,0.51503587,21,2168,13102,15191,47.400002,15.9
0.711874818,37.123394,137217,80,0.44375584,36.099998,8850,71803,66415,81.800003,31.4
1.686913118,39.884052,18858,82.5,0.5438382,29.200001,1506,8999,9651,39.700001,13.9
1.960876619,55.164562,24631,80.099998,0.5714643,27.799999,1981,11999,12163,54.599998,52.799999
2.246772021,61.865025,12496,85.5,0.56078863,20.4,945,5478,6081,23.4,34.200001
2.147292181,66.791153,13430,81.5,0.56994653,23.6,1120,6169,6065,39.700001,64.400002
1.721655195,47.24321,34910,84.699997,0.53955477,27.299999,2637,15902,18149,53.200001,41.299999
1.166869699,52.837227,24007,83.5,0.56780946,27,1864,11842,11445,42.200001,29.799999
0.795844643,40.502804,48166,85.099998,0.56159806,25.1,3347,22452,25175,66.400002,33.400002
1.538932827,33.219177,24381,82,0.55138707,23.9,1795,11355,12766,39.200001,28.1
0.690690165,30.482084,46184,85.099998,0.5031867,25.1,3325,22594,23685,41.900002,5.3000002
1.90173059,44.093735,21022,78.300003,0.50406343,20.200001,1661,9967,10567,33.299999,29.9
2.165057509,37.171688,34874,86.300003,0.53838748,33.299999,2565,16620,17792,69.300003,24.700001
1.637425928,48.752888,17573,84,0.52874053,27.4,1510,9377,8472,40.799999,21.1
2.263123974,31.707605,42484,77.099998,0.47436672,24.4,3183,21515,21427,42.400002,4.5
2.320647187,51.391266,9388,83.099998,0.51186216,20.4,749,4468,4628,0,48.200001
1.759621431,65.792847,17248,82,0.57393575,19.700001,1527,8433,7647,21.6,48.200001
0.934645684,29.166943,61463,96,0.6368202,30.200001,5226,29272,32159,42.299999,0.1
1.247332737,25.411005,43358,96.099998,0.66967535,27.9,3835,20053,22517,41.5,0.1
-0.378867881,15.208512,94443,94.199997,0.55657661,57.200001,6054,43746,49629,70.199997,0.30000001
0.938613006,24.314426,57812,89.400002,0.58564347,41.799999,4449,26622,30725,52.400002,0.2
2.744273413,21.572416,13726,90.599998,0.52702701,41.099998,931,6512,6879,26.9,0.1
1.807096503,17.951775,29653,94.5,0.61966461,42.599998,2014,13120,16565,48.400002,0
3.478294463,15.47486,3627,91.900002,0.56488991,48,285,1726,1912,0,0
1.265458213,16.982588,27530,92.199997,0.54449499,48.099998,1704,12316,14845,82.699997,0
1.937386569,25.684244,12497,93.199997,0.59245992,40.799999,946,5305,6875,36,0.1
0.746674582,18.925106,42189,95.199997,0.56692255,48.200001,3052,19149,22579,55.400002,0.1
1.101506463,21.038879,38206,89.300003,0.54664516,41.200001,2331,15500,22255,30.9,0.1
1.835084584,24.236601,19585,91.699997,0.56893462,40.700001,1305,8363,11370,25.4,0.40000001
0.526726413,16.611263,132868,82.099998,0.55747026,58.900002,6695,75091,61469,75.599998,5.0999999
1.16568201,23.185949,37464,88.400002,0.53918493,36.599998,2345,15631,21721,40.900002,0.30000001
1.048965358,19.964077,43077,89.699997,0.56089973,38.900002,2395,19294,24125,69,0.5
1.741655853,28.619944,22744,88.199997,0.54140955,39.900002,1381,9237,13501,43.599998,0.40000001
2.118515032,20.332298,16876,92.699997,0.55350047,46.200001,1030,7299,9484,47.099998,0.30000001
1.718527644,20.286591,41992,88.400002,0.53342223,37.700001,2711,17249,25270,45.299999,0.30000001
1.949817747,30.608442,17486,87.699997,0.56332999,33.799999,1157,7003,10464,31.9,0.1
3.161550734,43.879471,5841,83.300003,0.51504493,20.9,504,2559,3415,0,0.30000001
1.260119925,21.395418,33803,87.199997,0.52506375,38.200001,2295,14503,19208,15.6,0.40000001
1.677475891,28.460339,42406,88.5,0.6781742,39.900002,2537,20769,22193,55.400002,6.9000001
1.897987049,27.733644,32895,89.599998,0.56795496,28.799999,2101,13325,19325,48.200001,2.8
1.4585533,15.514885,92039,87.599998,0.51779282,33.900002,5041,38021,54863,49.099998,8.6999998
1.194451601,19.125025,39189,74,0.46758541,39,2651,17415,22097,50.5,2.0999999
1.808010815,17.454018,40778,88.699997,0.51089984,38.799999,2462,18303,22372,36,2.3
1.435862794,15.86318,33859,69.199997,0.42807132,35.099998,2315,15140,19765,50.200001,1.6
0.826198702,16.840132,83572,90.800003,0.58203501,47.099998,4910,38319,46404,59.200001,1.5
0.557856069,15.32366,118687,89.800003,0.53390259,43.200001,6882,53403,66664,75.699997,5.0999999
1.613847595,24.416235,43526,90.699997,0.5541113,30.9,2551,17233,26627,38,0.1
2.134785161,34.604229,14594,84.900002,0.51384562,27.9,987,6103,8517,51.200001,7.0999999
1.34044187,26.642521,31731,87,0.55933028,32.599998,1920,12363,18907,37,0.40000001
0.88150287,19.064175,37876,86.5,0.53513169,43.299999,2561,17164,21241,42.900002,0.1
2.563755106,34.18507,20637,87.300003,0.54526496,36.200001,1333,8152,12504,19.9,0
2.596419402,51.788536,10766,85.599998,0.56828296,22,774,4269,6038,0,36.200001
1.137409002,20.578985,262996,86.300003,0.51403624,30.4,14861,120723,143530,81.800003,18.200001
1.586112129,39.865582,26529,89.900002,0.57057738,23.700001,1796,9734,16999,48.599998,3.2
1.014358415,15.600868,148129,87.5,0.53777379,44.099998,8196,61961,86269,76,4
0.180311622,19.266624,96040,85,0.50248289,37.400002,5874,41685,55734,63.200001,5.4000001
2.183647119,20.471355,13936,89.199997,0.51521629,37.5,906,6079,8192,61.200001,0
0.506866758,18.676737,59955,89.900002,0.53106678,38.400002,3935,27972,31939,55.900002,0.2
1.217497176,15.755563,25399,90.5,0.56578946,42.700001,1450,11096,13578,10.3,0
0.490190006,15.9379,48713,86,0.46490967,40.799999,2991,23639,25259,43.299999,0.69999999
2.470589649,21.615618,17227,91.099998,0.5282585,46.599998,1174,7396,9565,14.9,0.1
0.187860853,18.614456,63120,87.400002,0.51649028,36.799999,4051,30897,32755,68.5,4.5
1.173314268,17.756018,28447,77.400002,0.45568764,34.5,1880,13292,15641,46.799999,0.80000001
1.448339949,26.415857,20042,84.199997,0.51412809,37.400002,1341,8883,11031,33,0
1.143034515,15.932877,28389,89.199997,0.54309458,43.799999,1958,12635,15628,37.900002,0.1
-0.077849548,17.111742,110863,86.400002,0.54592294,40.900002,6888,53960,58892,69.900002,5.1999998
1.179117566,23.483351,27751,83.599998,0.4917084,28.1,1642,12784,14159,39.599998,0
1.321874606,20.997702,51731,83.5,0.49187905,33.5,3263,23581,28264,73.599998,3.9000001
1.804419294,21.209053,16895,95.300003,0.55495495,45.099998,1144,7215,9888,28.799999,0.2
1.314308658,25.796972,29531,88,0.53978646,38.299999,1915,12831,17533,36.5,2.2
1.00197113,15.728773,76048,86.699997,0.49500689,41.200001,4543,35549,40941,63.400002,4.1999998
0.715638201,20.635527,48288,87.900002,0.5073275,36.400002,3305,22518,27300,41.599998,0.89999998
1.161903564,17.058165,33756,89.800003,0.54342383,49.299999,2203,14773,19103,47.900002,0
1.115992474,21.08478,31371,85.800003,0.50214899,35.400002,2054,13960,16800,38.099998,0.5
1.469284782,21.769085,19034,86.599998,0.57506961,40.099998,1373,9338,9380,25.200001,0
1.51809007,19.776485,22475,89.5,0.53797531,37.5,1569,9809,13014,43.900002,0.40000001
1.752884935,18.55908,40049,88.900002,0.52259445,48.299999,2845,18655,22193,17.9,0.2
0.977926757,24.8055,36700,85.400002,0.51367164,33.799999,2581,16750,20671,45.299999,0.30000001
1.048109278,18.603222,32765,87.699997,0.5249365,45.799999,2165,14958,17754,32.700001,0.2
1.645142798,21.74213,37950,87.5,0.43283662,46.099998,2263,18455,20087,38,1.7
0.475490673,18.26589,59579,84.800003,0.63017273,50,3053,32937,28688,52.900002,1.2
1.999448045,30.214304,11454,90.900002,0.54069519,35.099998,732,4718,6771,22.4,0.1
2.673214075,28.592182,14929,86.900002,0.53276259,41.599998,1013,6074,8789,18.6,0.2
1.778330013,29.215124,17127,79.699997,0.51120681,27.9,1155,7897,9284,38.400002,0.1
1.478672816,27.850128,18866,88.699997,0.52498502,34.200001,1192,8345,10930,31.1,1.4
1.307557086,20.464609,28560,89.300003,0.53619283,42.900002,1982,12613,16319,34.400002,0.30000001
1.619942862,31.387264,14532,80.900002,0.47928002,27.299999,1082,7167,7390,52.200001,0
1.658628168,17.406195,33475,89.199997,0.48712018,41.799999,2087,15567,18795,42,1.1
1.60375411,22.667797,17249,87.5,0.58018988,51.700001,1129,8006,9395,27.6,0.1
0.870994786,21.472387,108551,89.099998,0.56833309,40.5,6328,46566,63004,75.099998,4.4000001
2.764557055,16.796789,32735,89.099998,0.54471648,47.599998,2247,15397,17533,52.099998,0.2
2.514665108,25.128265,8402,86.599998,0.52517611,37.099998,632,3833,4711,0,0
2.006934879,40.504452,16303,89.300003,0.5989781,36.200001,1122,6850,8774,22.799999,0
2.170636196,27.191372,22548,84.400002,0.58032852,44.299999,1636,9984,11993,24.700001,0.1
1.689509814,35.302383,22187,92.699997,0.5990051,39.299999,1496,9247,12584,0,0
0.678100952,16.612617,55817,90.300003,0.56150049,45.5,3389,23699,31230,66.900002,0.60000002
1.680772823,36.911282,18424,86.099998,0.5668031,40.700001,1324,8308,9764,24.200001,0
2.173312721,30.873058,12896,95.800003,0.63902915,49.900002,779,5150,7396,21.4,0
1.5205117,28.369972,28779,93.800003,0.6153537,45.599998,1865,12453,15942,37.900002,0.1
2.140126185,31.342773,14694,93.400002,0.58536583,43.700001,1024,6478,8125,0,0
2.380870997,39.528442,12805,96.5,0.62292945,34.299999,910,5373,7329,29.9,0
1.567288767,29.385986,20981,85.099998,0.51266575,35.700001,1384,9277,11254,28.5,0
0.61059072,19.996262,54308,90.5,0.65306193,61.400002,2429,29181,25984,62.299999,0.60000002
2.133855434,35.558128,14739,91.800003,0.5831818,33.5,1028,6600,7721,19.200001,0
2.595480726,29.349556,10834,90.900002,0.62421763,38.5,742,4154,6274,43.799999,0.5
0.97450262,18.886703,33954,85.599998,0.55004478,38.700001,2111,14517,19307,62,0.40000001
1.932194649,29.051912,21469,93.099998,0.56560528,45.400002,1283,8071,13329,54.599998,0.2
2.224421045,37.333969,14743,95.5,0.62012595,47.900002,1047,6668,7958,26.4,0
0.230545847,16.858284,84192,88.300003,0.53786236,44.700001,4954,38772,44828,72.900002,0.69999999
1.778714958,18.507448,21275,93.900002,0.59503055,52.5,1362,9981,10996,33.900002,0
1.781175658,25.667299,19803,91.900002,0.58558452,46.200001,1304,8255,11117,31.1,0.1
0.965901283,17.352285,47619,90.800003,0.55560243,48.400002,2893,21321,26483,59.400002,0.69999999
0.110596474,17.947184,107804,88.300003,0.56359965,45.5,6239,48027,60098,83.400002,1.2
2.470530473,15.327413,32825,93.300003,0.56645125,50.099998,1994,15011,17591,73.099998,1.8
1.279558789,21.511204,37992,88.900002,0.55354178,40,2301,16277,22399,67,2.5
3.467657742,28.582724,5088,93.099998,0.60171103,48.099998,358,2104,3011,0,0.30000001
1.409931539,21.716255,16094,92,0.57638097,48.799999,1060,7875,7986,73.400002,1.3
1.430706169,26.573483,28895,76.599998,0.34375,53.5,1399,16288,13431,65,11.7
3.536673486,16.037111,4665,96.300003,0.62981743,53.200001,329,1972,2741,0,0
0.674188036,20.054026,48344,79,0.46995845,42.400002,2400,21670,28773,45.400002,9.1000004
1.359418802,25.819151,27427,86.099998,0.65149546,50.099998,1510,12304,14712,67.599998,1.8
2.827509638,25.875399,8950,93,0.60216898,48.299999,634,3504,5394,43.5,0.1
2.370756881,37.506966,12748,97.5,0.6060946,39.400002,889,5349,7392,0,0.40000001
3.457133035,22.759912,6456,92,0.57961786,37.599998,433,2512,3717,0,0
0.877695215,15.381823,54977,91.5,0.44860321,58.799999,2724,27599,27241,79,0
1.708004095,15.609942,141864,85.699997,0.47939819,54.299999,7178,65868,77879,84.599998,6.6999998
3.777346455,19.222963,6923,97.599998,0.59803259,43.599998,456,2948,3790,66.699997,0.30000001
1.631479052,18.284397,25779,95,0.60827523,45.900002,1669,10755,14719,39.599998,1
2.962490952,31.893492,6801,91.300003,0.52586544,42.599998,440,2571,4089,0,1.9
0.934594747,16.658318,187302,84.5,0.52291071,37.799999,10742,85244,101550,88.5,16.700001
1.799448946,38.923325,18113,79.5,0.48207885,31.9,1236,8370,10189,42.900002,14.3
1.943373363,49.982853,14626,75.900002,0.51019472,17.200001,1104,6523,8051,0,4.6999998
1.376489222,15.483916,86920,85.5,0.51745027,30.799999,5075,38624,48242,82.900002,0.89999998
3.118578116,38.15696,5636,79.5,0.47725245,26.200001,366,2242,3466,0,1.5
2.14849157,54.011482,21157,75.199997,0.52454162,14.3,1846,10472,10229,0,0.1
0.510092535,38.889122,56837,72.300003,0.34827369,34.099998,2946,30209,27875,34.200001,21.9
1.418941545,75.944641,21199,65.699997,0.53458619,10.3,1947,11334,8721,0,2.2
1.348600412,28.242764,71217,85.599998,0.5145421,34.599998,4830,34211,36475,60.200001,4.4000001
1.987336519,56.412346,12296,68.900002,0.47689432,14.8,1079,5886,6630,23.700001,0.30000001
0.641257077,23.970295,131239,82.400002,0.50950265,45.400002,6847,63193,72798,84.900002,15.2
2.177980888,60.369392,42523,75.900002,0.55385095,15.8,4037,22358,18898,7.5,0.80000001
1.757300055,21.646877,29297,73.800003,0.46653572,35.700001,1812,13746,16836,62.400002,6.4000001
2.606531998,45.902702,10921,71.599998,0.50702727,26.9,810,4696,6490,29,17.6
1.359847172,34.099957,30498,86,0.53563428,24.299999,2036,12053,18475,35.799999,5.1999998
2.564079749,47.783535,5211,84.5,0.51969177,20.4,422,2336,3025,0,2.7
0.930947593,37.247402,38252,82.699997,0.49982214,23.4,2713,16866,21951,49.099998,8.8000002
0.783881863,19.390209,612481,83.699997,0.49320418,36.099998,34622,282747,336080,88.5,12.8
1.181779249,15.951385,121490,84.900002,0.50307518,31.5,6792,54306,67121,84.199997,3.2
1.926480117,51.958622,13155,64.5,0.48461422,14.4,1129,6597,6334,0,0.2
1.777442468,51.019814,17168,76.5,0.52579212,18.799999,1366,7638,8846,0,5.5
1.592580806,45.636425,20920,76.699997,0.48554084,21.200001,1460,9060,11986,28,11.1
3.377871537,37.014927,5881,77.900002,0.38836059,16,348,2629,3756,0,9
1.403603318,27.449041,57228,86.400002,0.5221718,35,3681,25325,33380,60.200001,10.8
2.43588796,42.692226,9460,86.699997,0.52888668,25.700001,731,4033,5341,0,0.60000002
0.959903057,45.360924,33320,70,0.56988811,30.299999,2233,17156,16911,49.200001,7.6999998
1.789402226,46.298542,16980,81.199997,0.56178075,25.299999,1475,8603,7869,28.5,6.0999999
1.349384003,29.523609,18942,86.400002,0.48618785,46.799999,1159,10317,8543,0,4.4000001
3.022076205,62.821949,4499,59,0.52129221,11.2,364,2043,2180,0,0.30000001
1.292294128,44.42717,28377,74,0.48672709,20.1,2323,12469,15562,24.799999,4.8000002
1.642684528,50.337383,17818,75.900002,0.52782255,17.200001,1411,7440,10361,0,1.9
1.975514054,51.681854,12854,70.900002,0.60660404,25.200001,1002,7026,5819,32.599998,0.2
3.028358793,54.339199,11610,77,0.5271461,20.700001,860,4881,6418,0,16.6
2.855622606,34.274193,4960,82.400002,0.49130988,20.5,371,2359,2755,0,0.1
1.922506142,39.013607,14579,91.900002,0.55580938,29.799999,1046,6567,7945,25.700001,9.1000004
2.330161835,43.72921,11327,84.699997,0.54512978,21.6,901,5318,5731,0,10.3
1.834959306,30.310837,11893,75.699997,0.48601276,32.599998,766,5648,6400,34.099998,13.1
1.691968434,52.217724,49783,82.400002,0.5320912,21.200001,3745,24742,24525,55.799999,19.700001
1.361933531,43.403374,27677,88,0.54512811,27.700001,2124,14204,12927,33.400002,31.9
2.139021736,62.472507,17283,81.5,0.54713434,13.3,1536,9038,8329,0,41.200001
0.942493579,33.224228,58829,89.300003,0.45667315,45.799999,3554,31447,26300,66,24.700001
1.251094978,35.458618,224879,89,0.52037752,42.700001,13686,106907,118699,80.800003,36.400002
0.26547703,27.484539,145935,88.199997,0.48992351,39.400002,9117,77259,68544,73.900002,20.799999
2.461463579,33.883339,6914,66.900002,0.36342388,20.9,441,3423,3515,0,6.3000002
1.89711996,52.837791,19877,93.099998,0.61444497,27.299999,1516,8432,10820,39.700001,50.299999
1.449532435,51.299339,21422,87.099998,0.54365844,26.1,1480,10376,9715,43.400002,46.200001
1.489789904,60.475231,24383,86.800003,0.59097397,21.700001,2100,11212,12409,24.1,57.5
0.922161068,26.358961,230076,89.800003,0.5685271,49.299999,14902,121120,110720,85.099998,31.700001
1.097422982,62.519661,32459,84.599998,0.55513924,16.5,2624,15479,15644,33,26.799999
1.521991903,37.274864,52633,82.300003,0.50160027,27.299999,3565,25933,24756,67,28.6
1.157407316,54.036587,30788,89.599998,0.57905519,22.5,2272,14648,14452,25.700001,48.799999
0.193198851,19.553452,211695,86.400002,0.50742531,43.900002,12398,106595,104184,94.099998,15.1
0.399821077,36.038986,85879,83.599998,0.53210109,37.299999,5112,44905,39863,55.599998,24
0.204076444,35.690247,56346,76.800003,0.49230346,20.299999,4010,29104,25800,41.5,11.8
1.943233756,45.485001,12853,89.199997,0.55164242,29.200001,967,5906,7142,0,12.4
1.773075098,65.420006,16936,88,0.59054404,19.6,1308,7720,7971,57.200001,64.800003
1.780700847,52.734863,34611,87.599998,0.56921977,23.6,2630,16751,16156,45.299999,46.799999
0.912479278,31.24861,631536,85,0.53436434,33.299999,36541,281207,352157,100,37.200001
1.542215537,38.435783,103661,88.699997,0.54062009,36.200001,6784,49963,51412,79.199997,32.200001
1.409292734,42.76767,111952,86.599998,0.51235265,33.700001,7593,54199,56968,52.599998,30.299999
1.529241356,60.963047,24515,87.699997,0.60283381,21.299999,2098,11645,11344,27.6,44.299999
0.555945059,16.767321,32391,86.5,0.51885319,36.599998,1869,17265,15635,66,7.3000002
0.985667604,33.368328,21981,90.5,0.49995488,35.099998,1361,11083,9748,22.1,27
1.524086256,52.03965,19287,91.300003,0.57802862,24.299999,1487,9567,8001,17.799999,49.299999
1.768433659,61.775021,83250,84.699997,0.57249135,19,7041,42343,36793,35.299999,43
1.488504274,37.991364,49508,84.300003,0.5299806,26.700001,3545,25233,22584,59.400002,30.6
0.700735913,42.946739,39335,91.599998,0.5917201,28.6,2809,18720,19351,33.900002,27.299999
0.281753081,53.647747,59825,88.800003,0.60251719,26.5,4591,29239,28947,35.700001,33.799999
2.45224588,66.701302,12548,84.400002,0.61306351,18.9,1079,5634,5451,0,65
1.63303408,34.397953,61243,79,0.49136731,24.299999,4489,33014,26501,52.099998,17.1
1.730194106,52.407528,18289,90.199997,0.5919081,23.200001,1417,8008,9340,15.5,36.799999
0.79087031,43.875523,39308,86,0.51947474,20.5,2701,18049,20378,40.400002,12.9
1.966946497,54.799427,18260,89.699997,0.60144842,23.5,1579,8285,9884,25.6,13.2
1.602487091,43.397038,44448,89.599998,0.56816077,27.200001,3398,21596,21730,55.799999,33.799999
1.622472472,45.683075,15213,90.900002,0.57699418,24.200001,1074,7572,6768,39.200001,49.299999
1.888424594,55.822575,16242,92.5,0.62290227,23.799999,1252,7091,8794,43.799999,31.200001
0.841554427,19.253717,86807,88,0.55190688,34.599998,5413,38309,48898,82,0.1
-0.550869067,17.025202,184006,88.800003,0.54968888,49.200001,11929,81004,103876,67.900002,0.40000001
1.463477831,25.341061,19896,92.300003,0.60455734,46.599998,1370,9172,10911,13.7,0
0.088394229,20.841162,89426,89.5,0.56826967,44.299999,5697,39073,50713,60.700001,0.1
0.894211244,21.223719,43998,86,0.55759668,42.799999,2962,19706,24793,31.200001,0.1
1.260816509,20.559681,126303,88.5,0.53703493,47.799999,7405,61955,65745,61.900002,0.60000002
0.929587063,20.497612,100060,86.900002,0.53348202,37.900002,6392,43949,56553,56.299999,0.2
0.758997045,23.166178,938179,80.800003,0.51218611,28.200001,54709,413381,542244,100,34.700001
1.185641885,37.264542,15776,72.599998,0.50928044,28.6,1182,7866,7493,0,42.099998
1.65135422,34.295452,19462,85.400002,0.50882632,30.299999,1309,8384,11186,0,20.200001
1.346010139,19.460876,52526,86.300003,0.50108087,30.200001,3316,23130,30892,11.6,4.0999999
0.595022754,22.196932,48637,76.199997,0.41178605,38.299999,3040,24792,24357,12.4,5.9000001
0.998518067,29.186811,32611,85.5,0.51776558,36.400002,2498,17168,14787,0,33.299999
1.476437921,39.410843,29574,84,0.47964948,26.4,1827,12211,18006,41.299999,30.4
0.393939273,18.034239,77493,84.199997,0.44613317,43.400002,5018,40201,38041,29.299999,9.6999998
0.004520169,16.245346,36514,85.5,0.48739353,40.900002,2311,17729,18975,15.9,11.2
0.533463287,33.404419,39371,77,0.42997676,41.700001,2487,21957,16560,18.1,18.5
1.948623821,44.223988,19537,77.5,0.51103026,27.4,1325,8522,11262,18,37.200001
0.811773105,22.717224,91930,82.5,0.4785144,31.799999,6112,41842,51770,44.900002,2.8
1.509094988,40.16103,24119,80.599998,0.50291151,28.9,1509,10304,13677,14,34
1.127145581,17.709486,70081,90.900002,0.4825083,58.400002,3626,30443,40486,16.799999,2.4000001
-0.269092861,16.65288,400769,82.400002,0.5296374,27.799999,24962,166074,239005,84.199997,1.2
1.221383514,17.27095,797515,82.800003,0.50806993,44.400002,43031,341142,475267,100,8
0.972543685,17.027657,58452,88.699997,0.56711829,34.900002,4104,27310,29898,25.5,1.3
2.444148716,26.526476,7927,89.599998,0.59626222,39.400002,578,3371,4328,0,0.40000001
1.002638726,19.356884,34695,79.099998,0.4931649,37.900002,2624,16386,18755,25.4,0.60000002
1.911872692,20.337456,36833,91,0.58871818,35.5,2647,17054,19910,19.5,10
1.265564535,22.797136,32785,93.199997,0.55166924,39.799999,2108,16325,16063,57.299999,0.89999998
2.590800623,30.40834,4936,87.800003,0.52165985,36.900002,321,2193,2820,0,2.2
1.039588913,23.301661,34107,93.800003,0.56382769,39.299999,2282,15299,18500,60.200001,0.1
2.516149712,24.02177,10708,97.800003,0.63200957,33,881,5011,5667,0,0
0.828577538,20.068739,34112,90.400002,0.58389729,43.099998,2125,14333,19309,55,0.40000001
1.11413213,30.855227,34243,92,0.60554123,29.9,2603,15520,17934,8.8000002,0
0.738730542,19.882658,43014,87.5,0.52169329,38.799999,2948,20859,22312,34.700001,2.5
2.367870554,37.050022,4290,98.800003,0.63881403,36.400002,329,1855,2482,0,0.2
0.105127198,17.352564,37981,90.199997,0.57649893,43,2691,17863,20014,12.7,0.60000002
2.462167224,29.267824,10891,85.099998,0.55134815,36.200001,724,5044,5710,30.700001,0.2
2.441272632,34.282394,6884,93.400002,0.65644372,30.700001,583,3065,3525,0,0
-0.284712685,16.008232,101041,87.699997,0.55900079,32.400002,6753,49440,51443,27.700001,1.9
0.729182055,15.211784,150265,88.5,0.57351351,36.299999,10219,71327,76846,67,8.3999996
2.037685596,36.164242,9678,92.800003,0.65712255,32.299999,797,4226,5301,0,0
0.801815335,16.070141,190351,89.699997,0.54988766,36.599998,12205,90784,98682,69.199997,9.8000002
2.570987552,30.464754,9091,95,0.6106599,31.799999,611,3940,4843,54.5,0.1
1.276686868,21.011929,43265,83.400002,0.54105949,33.5,3233,20312,22794,14.3,0.80000001
0.478648901,20.674091,48554,87,0.56511217,37.599998,3373,21486,26656,18.799999,6.8000002
0.665127212,16.493349,2664438,89.400002,0.55810887,38.200001,153908,1180784,1519984,97.5,19.9
1.350425444,39.047661,23631,88.5,0.63047618,35.5,1719,11025,11845,42.5,0
1.427699921,29.83691,17609,94.300003,0.58755958,31.4,1271,8183,8507,41.900002,0
1.84130695,41.975773,16379,93.300003,0.64889276,30.9,1299,6864,9567,0,0.1
2.084494317,30.697731,16472,92.300003,0.56942856,37.700001,1149,7000,9038,22.799999,0
2.48003857,23.343128,32443,92.400002,0.61209452,38.599998,2288,13841,17869,48.299999,0
1.190563135,22.139521,38119,90.099998,0.55389011,39.099998,2563,17146,20418,45.200001,0
2.246677432,31.380901,22689,93.099998,0.59481299,28.4,1595,10025,12158,42.099998,0
1.793721393,34.309624,16750,93.199997,0.62894666,29.799999,1262,7158,9795,0,1
2.466870217,34.379982,22709,97.5,0.59787077,36.5,1552,9487,11733,19.700001,0
1.761831804,32.849087,23550,95.5,0.62197936,34.400002,1752,9973,12853,0,0
2.156581757,34.203239,11994,93.599998,0.6255343,26.200001,993,5381,6513,0,0
0.531283448,17.95557,233586,93.5,0.59360272,44.099998,14475,101637,128708,74.300003,0.30000001
1.145756337,29.39727,80895,92.900002,0.62002957,33.5,5575,39911,38304,38.599998,0.1
1.502064394,45.752369,22475,94.699997,0.62992847,27.4,1888,9790,12818,11.7,0
2.073698092,36.123787,12321,93.900002,0.59881896,32.099998,968,5419,6513,35.900002,0.1
0.567713484,26.04254,30139,92.900002,0.60171109,33.5,2210,13091,16048,0,0
1.006598457,44.930893,38791,87.5,0.5542621,33.299999,2585,18641,18500,63.099998,49.5
1.736646503,56.765076,17740,90.400002,0.60019988,25.799999,1318,8004,8584,30.799999,38.5
1.398447857,63.180054,27517,90.199997,0.60814923,25.5,2101,12811,13443,29.200001,52
1.890409203,58.76339,14382,84.800003,0.58881932,21,1201,6547,6755,0,34.700001
1.279468912,39.819283,52880,88.400002,0.62652856,42.900002,3460,26168,26693,74,27.9
2.322991851,70.542931,7924,85.699997,0.5682261,26.6,802,4104,4009,0,23
2.262835648,55.785801,18961,88.900002,0.54641181,28.5,1407,8737,9340,43,49.200001
1.551263375,49.299702,14218,86,0.58457947,32,1056,6420,7432,36.099998,16
1.443746969,33.215183,121220,78.5,0.41324037,46.599998,6942,63820,56357,77.400002,15.9
0.802493393,36.699512,187663,90.5,0.54750627,49.5,11582,94819,93296,80.699997,40
1.851127364,76.979836,19273,85,0.6097154,18.200001,1683,9593,8170,21.700001,69.699997
0.898467151,27.54323,55170,86.400002,0.50819159,36.5,4003,28566,26476,61.299999,19.5
1.762181231,61.970413,16912,92.400002,0.63288099,25.9,1524,8327,8280,0,49.900002
2.357358086,79.836945,10102,87.199997,0.61966175,16.799999,843,4730,4817,0,75.400002
2.686722984,39.421444,60737,88.300003,0.55072713,32.599998,4532,29294,30488,54.599998,25.9
1.521106617,53.683224,21667,87,0.68876851,35.700001,1407,11628,9493,41.599998,33.799999
1.761540731,65.488998,19069,89.900002,0.61051571,22.1,1614,8958,9419,0,40.599998
0.830135977,64.144608,47761,86.599998,0.58882916,27.1,3735,23078,21801,43.299999,64.300003
1.248970185,48.064831,26862,92.699997,0.57539713,32.400002,2039,12779,13878,36.900002,31.200001
1.982024532,67.58493,34394,83.400002,0.61705834,20.299999,2763,16637,14550,29.5,71.800003
1.211198883,73.276703,24355,80.599998,0.61466748,18.1,2130,12872,10236,22.9,70.400002
1.455344378,58.330196,21248,91.599998,0.61504066,25.700001,1702,9840,10909,24,22.4
1.246323709,69.297852,29096,84.400002,0.60344577,22.200001,2383,13814,13750,11.4,56.299999
1.545618429,59.266003,17680,86.699997,0.59119952,22.799999,1451,8295,9875,19.4,12.2
2.567397359,73.617889,21663,85.5,0.64245969,15.5,1923,10424,9096,12.2,63.099998
0.476166599,43.059238,34411,86.900002,0.48645839,28.6,2347,16357,18362,14.8,37.299999
1.43083159,60.847916,21542,87.400002,0.5841217,26.200001,1708,10253,10576,18.5,38.200001
2.183869122,58.102959,21254,91,0.59411103,26.1,1719,9781,10446,0,35.200001
3.137411073,49.565216,7116,95.699997,0.63667721,31.799999,516,3479,3533,0,24.4
2.348629013,71.111504,47677,83.800003,0.56764454,18.6,3888,23180,20311,14.7,67.400002
2.058933303,77.813675,17378,75.900002,0.57427073,12.1,1457,8193,7204,0,79.099998
1.383677816,47.28231,42271,86.199997,0.56576502,33.200001,2741,18817,22521,69,46.599998
0.195783783,55.090466,78890,85.099998,0.52792096,28.700001,5546,39576,36390,67.300003,54.799999
2.335314882,70.66877,13966,90.400002,0.66450936,15.6,1236,6644,5969,0,71.199997
1.978691631,62.033569,33196,89.300003,0.62627906,23.299999,2671,15343,15116,35.5,59.299999
0.423624032,21.831264,55198,87,0.65770024,52.299999,2535,29629,26902,72.199997,5.9000001
1.174413985,49.585827,34956,82.699997,0.57051879,22.1,2760,15074,19740,46,7.1999998
0.875964864,27.191631,42126,87.400002,0.57464629,34.599998,2747,19224,23417,71,2.8
0.713656029,25.394863,29445,91.5,0.45268652,45.299999,1676,14182,15963,37.400002,1
1.649895399,37.089893,12270,83.599998,0.51688409,31.4,886,5212,7263,0,0
2.193461617,29.239922,15677,77.5,0.55943948,33.5,1319,6351,9110,45.900002,7.6999998
0.426790889,22.148872,44862,82.800003,0.49162474,24.799999,2884,19283,25066,46.799999,1.2
0.7694884,24.543974,126376,87.099998,0.5183624,42.700001,7439,57182,72265,77,1.9
1.882625546,33.506252,19441,90.900002,0.56837666,33.599998,1273,7115,12185,50.099998,1.2
3.26335029,50.113018,4424,90.599998,0.58713943,25.200001,317,1664,2903,0,0
1.461578372,45.328087,22002,86,0.54763412,24.799999,1654,9468,12645,26.5,0.40000001
0.423496102,16.759529,626289,85.400002,0.49091476,47.700001,30922,269338,366539,94.400002,13.5
2.291023687,29.296518,78501,88.199997,0.52872264,37.599998,4901,32779,47308,70.099998,1.3
1.457088789,16.207521,66370,88.800003,0.50574535,29.1,3925,32026,34833,24.9,1.3
1.297221779,29.069412,29229,89.699997,0.54459018,47.5,1469,14409,14827,33.400002,3
3.103317488,36.622505,6603,88.400002,0.54761904,42.400002,420,2478,4111,0,0.30000001
1.462009812,33.975651,23501,89.699997,0.53614658,33.200001,1560,9005,14513,25.5,0.2
1.705893745,30.225534,15028,84.699997,0.51635551,27.5,914,5839,8898,0,3.7
2.097361098,36.545265,15615,89.300003,0.55098814,40.299999,1127,6325,9638,58.599998,2.0999999
2.06160164,50.334133,11672,88.400002,0.56933045,28.200001,937,4630,7176,0,0
2.075768279,35.360332,16566,87.900002,0.54963267,34.200001,988,5853,10797,27.6,1.9
2.535821143,27.188498,29707,87.400002,0.52742797,34.099998,1753,11831,17749,77.5,5.3000002
1.88928412,56.155159,21724,75.300003,0.53421521,19,1887,10054,10065,45.200001,23.9
1.110269973,31.947701,30345,86.699997,0.55087692,36.200001,2213,13228,17254,30.200001,0.5
1.971269007,36.488152,14781,85.300003,0.56879878,17.9,1069,6410,8066,34.900002,0.1
1.973749082,28.266743,35420,85.5,0.48629948,37.200001,2056,14452,20859,68,5
1.869050934,35.467892,17065,89.099998,0.50768542,33.400002,1045,6701,10029,41.5,7.8000002
1.949045073,43.928516,13839,88.900002,0.60611302,31.200001,888,5202,8730,25.5,0
1.697176811,25.633011,16062,91.800003,0.54317158,32.299999,1000,6451,9821,29,2.2
1.758605242,29.523195,36418,89.099998,0.55226147,29.700001,2453,15145,21793,36.599998,0.5
1.251064384,24.599613,753568,82.300003,0.48863503,26.299999,37124,306732,450731,100,28.6
2.037378726,26.122717,12245,86.300003,0.53643101,20.799999,823,5531,6369,36.700001,0.60000002
1.679109617,27.670837,24903,82.5,0.53621888,32.599998,1507,10050,15788,49.099998,5.4000001
2.653135973,56.290039,6872,78.599998,0.53296703,17.799999,619,3094,3931,0,0
2.977008625,42.69717,8308,76,0.49531615,22,612,3416,4843,0,0
2.408334593,47.655567,13804,82.5,0.54263979,25.6,1025,5652,8102,0,0.1
3.853282513,40.977352,4207,95.5,0.56387365,38.799999,268,1456,2503,0,0
2.177451324,19.979156,18402,92.800003,0.55129522,39.900002,1204,7798,10645,64.699997,0.5
0.816626362,17.01123,33363,90.699997,0.55253261,45.299999,2224,14629,18124,39.799999,0.1
2.903973829,36.445679,11752,88.199997,0.53743362,44,779,5837,5453,39.200001,0.2
2.212744419,37.37109,11504,91.400002,0.54987127,39.700001,838,5825,5593,30.6,0.1
1.055466624,20.494318,47664,93.099998,0.57794714,42.299999,2949,19417,26588,86.400002,0.2
2.166743903,19.995186,17217,92.5,0.44110698,47.799999,994,8889,8051,37.5,0.89999998
2.213292942,19.826839,11610,94,0.58554262,49,816,5243,6376,67.099998,0.30000001
3.360439413,29.516712,4483,95.099998,0.58445042,45.099998,300,1865,2642,0,0
1.296343997,27.140129,26015,91.699997,0.66680771,46.299999,1795,11816,14492,54.200001,0.1
1.665109223,24.846149,17660,90.699997,0.53433287,46.299999,1081,7937,10006,35,0
2.245260076,32.975388,12935,93.599998,0.58263677,32.099998,813,5264,7072,23.5,0
1.633167271,25.215694,19637,95.5,0.58940166,45.900002,1361,8624,10880,60.799999,0.1
3.49693759,37.355465,5370,95.800003,0.59423828,39.5,368,2048,3437,0,0
2.391580284,27.385611,27390,83.5,0.53041452,38.700001,1799,11146,16283,45.200001,0.1
3.383013689,28.485214,11680,95.5,0.6265378,39.900002,742,4552,7103,48,0
2.083369281,23.454567,25860,94.599998,0.56689274,40.299999,1422,10173,15124,52.099998,0.2
2.514047161,34.396603,8395,95.599998,0.6133104,43.5,582,3486,4894,0,0
2.525978693,20.76412,9774,96.5,0.54920787,50.299999,594,4166,5697,53.299999,0
2.367016952,28.734209,12428,95.5,0.63461536,43.599998,703,4680,8015,28.299999,0.1
1.06781158,23.248138,34406,93.900002,0.57297432,44.599998,2320,16081,18059,53.099998,0.2
2.716132782,28.734764,10101,96.099998,0.6628536,45.299999,595,4808,5223,42.299999,0
2.598568167,15.958749,5891,96,0.49113825,46.700001,313,2539,3251,60.5,1.4
0.776463631,20.028011,48871,90,0.62184983,47.099998,3107,22737,26543,37.5,0.1
0.285351484,22.773293,160150,87.300003,0.52436572,33.299999,8820,62239,101066,83.800003,17.5
1.185298265,20.898777,106714,86.900002,0.51299304,31.1,6722,47410,62020,72.800003,12.2
0.130754278,17.366385,108166,89.199997,0.51668745,40.400002,5782,46442,63151,35.700001,3.0999999
0.562750698,17.415398,58891,88.800003,0.52718347,36.599998,3929,27296,32182,49.799999,15
0.36168743,15.676363,63274,89.900002,0.54182673,36.200001,3723,26813,37521,50.799999,0.89999998
-0.147422399,18.964029,263406,89.199997,0.52627653,57.099998,16008,136814,126333,92,1.8
0.801991541,31.963526,60407,86.300003,0.51835483,41.700001,3799,33942,26157,56.299999,2.3
1.521953704,23.808025,51106,88.300003,0.53870523,40.599998,3807,26198,24639,73.900002,2.0999999
4.737559364,44.517281,1678,0,0.60137457,41.599998,147,873,998,0,0.1
0.575133056,15.996749,54351,89.199997,0.48824868,44.799999,3513,29018,26019,79.599998,4.9000001
1.489627273,48.585464,36675,79.199997,0.55478424,27.799999,2790,21320,14693,47.5,0.89999998
2.319121116,35.017933,12343,87.599998,0.6099093,35.200001,980,5732,6341,66.300003,1.1
1.108511133,71.363434,13749,82.5,0.61607605,22,1192,7676,5824,18.1,0.1
0.165783046,29.718248,54510,86.099998,0.50021982,43.900002,3656,29567,23166,52.400002,0.80000001
0.416379397,32.351967,44568,87.199997,0.54475433,48.599998,3076,22590,22194,77.099998,0.5
0.549549117,30.951399,39313,84.900002,0.50732225,36.5,2893,21783,16687,46,0.30000001
0.820707859,24.402563,44372,92.900002,0.64759308,43.5,3069,20919,23113,20,0.2
1.229724992,16.639421,1431884,86.099998,0.4892374,32.900002,80425,596510,890427,100,11.5
1.64128987,18.961002,80137,89.699997,0.58931077,39.299999,5143,35606,44858,40.700001,0.60000002
0.364447956,18.163782,74359,92.099998,0.59037012,36.400002,4709,32046,42267,47.700001,1.8
-0.197530338,15.75469,145594,90.699997,0.57144022,38.200001,8706,61457,85225,57.099998,0.89999998
0.38246168,23.459349,73406,85.099998,0.47805718,37.400002,4199,37142,36445,34.400002,3.5999999
1.849028491,18.026175,47175,89.400002,0.56377894,37.5,3268,19254,28704,23.4,3.2
1.607914112,16.968395,41461,89.300003,0.5990026,40.599998,2737,19050,22004,55.5,0.2
0.963251338,23.227503,43877,91.300003,0.59877163,40.700001,3143,18887,24807,20.700001,0.40000001
0.910283847,30.502743,45177,86.900002,0.57264012,32.5,3150,19927,24183,41.5,0.1
0.732179174,18.052223,51031,88.599998,0.57559019,33.5,3218,20459,31175,63,0.60000002
0.549012225,16.354391,66651,90.599998,0.5751996,35.700001,4110,27806,38909,59.200001,0.1
1.288163951,20.274071,88182,87.199997,0.56878912,39.299999,5818,37833,49676,42.700001,0.30000001
0.922706189,17.184029,2642661,83.800003,0.48893452,32.400002,146495,1117031,1611158,100,14.1
1.430120917,26.547667,23064,86.699997,0.56820309,34.799999,1571,10674,12137,15.6,0
0.7222671,17.072372,43675,85.300003,0.56089038,40.299999,2977,20036,24524,33.5,1.9
1.231635227,19.086382,54406,89.300003,0.61191487,41.700001,3579,25850,28471,47,0.60000002
0.852377423,18.366669,57803,90.199997,0.57041204,33.299999,3193,22205,36144,59.900002,0.40000001
1.165710095,24.049633,1715136,82.400002,0.42941752,42.400002,68193,654426,1166517,100,23.4
0.945487838,15.613993,183676,89.5,0.55003393,37.400002,11267,79526,107382,50.700001,5.1999998
0.634048397,18.486454,86129,89.699997,0.59102458,36.099998,5739,39352,46248,42.299999,0.2
0.855383795,22.936651,51926,93.199997,0.64256704,41.200001,3508,22407,29842,30.700001,0.30000001
0.44667781,15.658912,142905,89.199997,0.59509462,38.599998,8551,61728,82307,64.599998,1.7
-0.358541213,17.212749,89643,88.5,0.57601339,39.799999,5551,39447,50351,48.200001,0.89999998
1.42146566,26.780016,22528,92.699997,0.608522,34.700001,1573,9763,12969,15.3,0.40000001
1.262202363,16.296017,32238,91.199997,0.56922376,36.700001,1938,13218,19024,39.200001,1
0.120609526,19.725931,97111,93.599998,0.58439314,40.299999,6346,42776,54933,43.5,0.80000001
0.722699575,20.302975,45351,89.800003,0.57138211,37.400002,2837,18436,27545,21.9,4.1999998
1.151301319,15.797371,118851,88.199997,0.51753479,37.099998,6514,51241,70289,42,3.4000001
0.712207719,21.655479,44144,92.699997,0.59015948,43,2697,18312,25652,48.400002,0.30000001
0.207220977,17.006275,67887,80.099998,0.50384337,34.599998,4530,30442,38790,34.900002,2.2
1.683569009,23.388117,18702,86.900002,0.587897,38.900002,1245,7998,10661,31,0.69999999
0.224807446,23.394976,86091,84.800003,0.49167135,35.299999,5910,42744,45772,51.200001,17.200001
2.612785514,49.336735,7906,81.5,0.50856352,22.4,564,3620,4353,0,2.7
1.985841901,62.590977,28352,86.599998,0.58426815,21.200001,2774,15154,13142,0,41.400002
0.487678934,31.464424,131480,84.300003,0.50577456,40.5,8784,58619,75031,52.700001,10.8
1.458420655,27.01078,68042,85.699997,0.49100861,27.799999,4892,32698,37181,67.699997,15.9
0.5167263,35.598751,49633,77.900002,0.46499178,25.200001,3827,26151,24484,26,7
0.77031982,24.630501,72810,82.900002,0.48391399,34.299999,5340,37486,37951,44.099998,9.1999998
1.687494039,39.730953,66992,79.599998,0.49905163,29.799999,5212,33215,33746,38.900002,22.4
1.465467422,57.423725,49313,84.199997,0.54976118,23.9,4513,25753,22992,9.6000004,33.200001
1.54366582,44.461662,58169,82.300003,0.42746922,36.700001,3628,32014,26876,26.700001,28.5
-0.146789338,41.16074,149397,76.199997,0.3624135,42.799999,8796,89580,61052,47.299999,25.4
1.578520827,33.877377,16538,80.800003,0.46776778,24.9,1218,8113,9114,0,12.3
-0.150667495,29.494461,113016,86,0.55122691,37.299999,7123,55830,59468,75.599998,32
1.742950297,57.942623,54491,77.800003,0.51578116,26.5,4568,27913,25529,42.900002,51.799999
0.441989111,22.932682,188862,86.099998,0.47798416,39.799999,11533,94909,101153,69.199997,24.1
0.979703182,29.330532,126318,79.300003,0.4822664,25.1,9189,64172,66167,61.799999,13
1.268262457,52.560421,32914,77,0.48016474,26.1,2809,16511,16977,21.1,44.400002
1.925313749,73.685493,16533,83.099998,0.56512117,21.6,1533,9037,7278,0,50.299999
1.363156099,23.223886,246756,86.199997,0.4938651,40.200001,15282,123637,130031,76.099998,20.799999
1.365394293,61.177719,58507,78.099998,0.52397168,22.200001,5077,30536,27719,32.700001,54.200001
1.409603969,52.258461,47982,84.599998,0.52503502,24.4,4057,24985,23752,22.299999,27
1.702046756,31.581598,39977,84.099998,0.49263266,32.400002,2939,19410,21429,28.299999,2.2
1.539888479,33.743092,36684,88.099998,0.51759166,37,2539,16343,20707,16.299999,5.4000001
2.289619552,59.146687,23402,86.5,0.57040018,27.4,1953,11669,10738,31.799999,59
0.331118646,32.262306,63800,85.900002,0.49748611,31.5,4376,30431,33465,42.799999,17.799999
1.707933142,51.172897,17844,85,0.58862358,27.1,1474,9089,9019,0,1.9
1.8713548,37.66893,26986,83.5,0.47994405,36.400002,2053,13587,13438,46.099998,22.200001
0.64867107,50.787697,55750,82.300003,0.50063831,30,4499,28983,26837,44.900002,39.5
2.074175463,58.386055,17073,75.599998,0.56495535,20.6,1427,8629,8837,0,0.69999999
0.156864337,24.681168,273394,86,0.48060837,47.799999,16321,135574,143878,78,24.5
0.971090194,43.242004,37747,79.400002,0.50233001,33.5,3022,17811,18917,14.2,26.299999
1.512719656,36.42181,71665,87.900002,0.51831234,38,5165,34130,38910,69,27.700001
1.470709082,40.254333,82753,65.599998,0.27715984,46.700001,4482,54842,28775,21.299999,12.7
1.663418999,62.388367,18544,77.599998,0.53182113,23.700001,1732,9302,8975,0,48
2.653988235,61.741714,9262,88.400002,0.55216163,25.1,776,4256,4770,0,46.900002
1.38990085,47.057045,26608,83.300003,0.51269794,25,2215,13388,12990,19.5,35.299999
0.273240214,27.617054,61887,84.099998,0.47107384,27.1,4525,30526,32944,25.299999,8.3000002
1.344241114,65.979233,89634,77.699997,0.54782391,24.299999,7990,48114,38197,20.299999,29.5
0.970562113,28.500465,82863,86.199997,0.51775169,33.099998,5659,38785,46419,47.200001,16.799999
0.784626669,41.245686,45194,84.300003,0.51577288,26.9,3542,21556,24570,31.1,12
0.711087094,36.106087,48890,81.800003,0.47865638,25.6,3673,23965,25719,20.6,5.8000002
1.096853844,54.373058,31918,80.599998,0.52826524,25.6,2625,15956,16139,39.799999,43.799999
0.254539577,31.609352,170151,87.300003,0.51404071,46.799999,10577,87104,88726,63.200001,25.9
2.000482476,67.361534,19872,85.099998,0.58993673,25.1,1938,9957,9235,0,62.599998
0.838381038,52.967678,81805,84.599998,0.46799183,33.5,5830,43114,40132,40.799999,36.700001
1.77614205,50.27771,45082,82.199997,0.49768889,21.6,3759,23149,22904,9.3000002,6
1.697795616,54.544632,56573,78.5,0.50928986,26.299999,4553,29979,28346,49.799999,40.200001
3.25398502,23.322306,4232,93,0.53517455,38.299999,287,1919,2167,0,0
1.447127761,19.173901,34314,90.199997,0.51556259,48.400002,2122,17028,17265,81.300003,0.1
3.517618869,48.949802,5626,81.699997,0.57469112,17.200001,479,2671,2632,0,0
3.273596029,26.493216,7217,97.699997,0.60687697,37,510,2821,4186,0,0
2.206093829,23.490551,13338,96,0.56066388,40.400002,1044,6025,7144,46.900002,0.1
2.614764783,50.77187,11333,81.900002,0.53119791,26.200001,894,5401,4675,0,0.1
3.020639887,63.315598,3595,85.099998,0.55236655,25,287,1986,1494,0,0
2.045310679,22.428955,18019,79.800003,0.52058566,31.9,1283,7991,9959,32.700001,0
0.555979929,18.481268,47286,94,0.49308601,47.799999,2744,23937,22986,65,0.69999999
0.672129601,18.960835,103928,90.199997,0.52009374,43.700001,6345,47353,56826,66.800003,7.0999999
0.930871553,15.732388,38941,90,0.51672465,46.5,2479,17818,21359,51.700001,0.40000001
1.153152935,16.739225,93278,91.699997,0.54238379,43,6002,41950,51732,52.799999,2.3
1.659100991,32.39016,47430,92,0.66636735,40.799999,2637,23388,24080,45.299999,2.2
0.937488856,16.587255,36103,93.5,0.54352045,43.200001,2196,16498,19577,40.099998,0.2
0.397943492,23.311132,83671,90,0.53203434,33.700001,5221,34744,50079,49.799999,2.5
-0.194818179,15.302838,80418,85.199997,0.51091641,35.700001,4967,40856,39952,14.2,1.2
1.8926301,25.220261,30259,90.5,0.53450388,44.5,1912,13897,16322,39.5,2.3
0.692517382,19.10759,107803,90.699997,0.5268662,37,6689,47811,60294,54.900002,1.6
1.13880948,23.657465,32774,89.099998,0.51297235,39.5,2081,14184,18596,40.700001,1.1
0.756747418,15.661643,46969,93.699997,0.51666898,45.900002,2964,21447,25755,65.099998,0.69999999
0.177513182,17.652998,63718,86.900002,0.50368309,41.299999,4810,29866,34830,46.799999,0.69999999
0.087092232,15.258311,684189,87.900002,0.50759232,49.599998,34784,329280,369764,92.199997,11.8
0.294661063,15.991829,864524,87.699997,0.52592659,39.200001,45984,383892,490188,94.599998,14.3
1.21557312,15.717935,54217,95.699997,0.5448615,51,3288,24219,29571,62,0.5
1.267516287,27.075119,30022,88.199997,0.55831891,43.400002,1939,13872,15949,42.700001,0.69999999
1.114101607,35.615868,22206,62.299999,0.45001897,28.200001,1556,10544,10716,14.4,0
0.635859853,16.931421,46737,91.400002,0.53565919,43.700001,3069,22042,25130,47.900002,1.1
1.287861792,33.50375,29840,87.900002,0.55588835,31.4,2158,13688,15826,43.299999,0.80000001
0.986176879,16.405216,99927,90.699997,0.52376878,36.299999,6035,44407,56509,55.5,5.4000001
1.687588672,18.214956,38618,92.900002,0.56217843,45.599998,2503,17297,22066,34.200001,1
0.543245552,28.448603,55722,83.199997,0.50480497,31.200001,3860,26535,29542,44.900002,3.2
0.626975593,15.568171,91017,92,0.51919049,43.900002,5338,41557,49519,52.700001,1.4
1.750195324,22.496824,34915,92,0.52454579,45.400002,2364,15522,19407,32.799999,2.0999999
1.920183935,22.224951,26334,83.5,0.47437707,33.5,1679,12762,14533,34.599998,5.9000001
1.175612125,16.765829,60752,90.800003,0.48109099,41.599998,3653,27791,33596,61.599998,2.5
0.971459935,21.537931,32376,88.599998,0.54494643,36.900002,2091,15029,16895,32,0
2.067671078,29.996761,12566,91.599998,0.54870307,36.200001,897,5513,7200,0,3.9000001
1.354563134,18.674204,19565,93.699997,0.55150521,42.799999,1480,9135,10365,14.4,0.1
0.300632231,21.021387,79216,89.699997,0.53357017,37.599998,4757,35746,43919,49.400002,4.3000002
1.060247758,15.729178,35182,96.300003,0.54405463,39.700001,2262,16105,19327,27.700001,0.89999998
1.689852982,24.968346,61418,84.400002,0.46812922,34.700001,4030,28945,32799,40.799999,5.0999999
1.196964081,15.217506,57401,92,0.54655576,44.099998,3597,26087,30258,51.200001,1.4
1.389218581,30.046822,85420,89.199997,0.53001976,29.700001,5894,38408,46344,51.5,2
1.649791253,17.599958,59471,92.800003,0.5560559,43.099998,3812,27535,31398,57.099998,1.3
0.855972031,20.445864,33764,91.400002,0.51056558,38.200001,2242,15806,17637,43.700001,1.1
0.340506374,18.375961,76551,90,0.52169472,36.299999,4800,34271,43420,52.299999,1
1.335715312,17.81563,28903,90.400002,0.53739089,44.700001,1902,12717,16291,50.5,0.30000001
2.272540975,46.106377,10285,78.699997,0.5374794,26.799999,905,4856,5337,0,0.2
1.479572592,16.216133,65162,84.599998,0.49679497,34.599998,4224,34165,32320,32.599998,1.4
1.294645411,25.687206,51899,90.300003,0.53301948,39.700001,3125,23789,28397,43.099998,1.6
1.734661112,16.582487,75641,82.900002,0.51620007,42,4873,36790,39239,38.400002,1.4
1.087791016,17.110064,30291,94.199997,0.57063836,46.299999,1891,13378,16470,38.299999,0
3.054209226,27.074343,8322,94.699997,0.59563708,45.099998,658,3163,5408,0,0
0.636672327,26.284584,24793,90.900002,0.49101055,37.400002,1576,11291,13706,57.799999,3.7
1.013958639,34.927628,39534,92.5,0.56192988,38.400002,2633,16664,22736,59.099998,8.3999996
0.624376999,20.905167,47869,88.300003,0.62859899,47.5,2667,24903,24039,77.5,0.40000001
3.024337515,52.89645,5550,82.599998,0.5973472,24.9,452,2111,3388,0,2
-0.006846504,25.795685,91833,77.599998,0.36609709,49.299999,5186,52904,39704,68.199997,8.3999996
1.336514185,34.573799,39970,86.599998,0.51761293,29.5,2986,17913,23034,57.400002,7.5
1.708043493,54.219315,13373,84.900002,0.557832,22.9,1057,5369,7747,0,0
1.502468748,31.596067,28131,84.099998,0.52123344,30.299999,2193,12810,16036,48.200001,3.5
1.108147616,33.558865,30094,91,0.56570047,34,2123,12420,17276,50.200001,5.0999999
2.184772381,53.495697,29677,88.699997,0.60238212,21.1,2460,12258,16702,21.6,3.5
1.513355334,38.794765,19272,88,0.55025554,27.1,1436,7631,11250,13.4,6.1999998
1.028703784,59.607769,26358,90.699997,0.6020577,18.799999,2183,11469,14012,19.200001,17.5
0.228310977,19.203856,440959,88.699997,0.5216946,51.200001,24849,208923,240668,96.800003,9.1000004
1.87610892,38.809135,37494,88.199997,0.58188176,30.4,2664,16017,21304,60.900002,16.1
1.190859145,28.222692,32294,91.800003,0.53820115,38.099998,2408,14476,18484,39.799999,2.0999999
2.153906496,34.9711,10781,93.5,0.58261478,29.5,814,4291,6693,23.1,2
0.978511933,28.547438,44454,90.400002,0.68155599,48.5,2388,23753,21460,74,2.3
1.436241166,34.877445,27940,91.800003,0.58007473,33,1852,12045,16333,51.099998,3.4000001
0.810647776,32.383884,41798,89.900002,0.552719,34.5,2964,18058,24122,65,2.9000001
0.897935215,36.406815,20547,87.800003,0.53583395,31.6,1533,9251,11643,32.200001,2
2.170022922,42.072414,28252,88.400002,0.55688375,28.799999,2013,11963,16209,62.099998,9.8000002
1.309185159,58.353676,17700,88.5,0.66049087,18,1626,8312,9564,18.6,4.6999998
1.80265869,18.624256,14545,96.699997,0.6026721,46.099998,918,6886,7393,40.700001,0
0.050396302,18.158823,346583,89.699997,0.5224508,51.799999,20984,164404,191825,88.900002,7.8000002
1.018461903,15.74745,42203,92.800003,0.5196566,56.299999,2653,19917,23497,75.300003,3.2
2.185780307,28.333906,18486,94.900002,0.48289457,41,1194,8623,9855,19.799999,1.2
0.675543033,16.196045,74890,95,0.56717241,47.400002,4909,32625,42486,45.400002,0
0.841902431,19.893576,30461,92.699997,0.55415714,42.700001,2102,12713,17425,33.799999,0
0.943507804,16.497021,59501,94.599998,0.55920035,44.200001,4286,27711,31336,37.599998,0
0.646021872,19.452353,120874,90.099998,0.54919481,45.900002,8509,53715,68855,63.5,0.2
0.73247034,17.148996,44681,94,0.57334763,46.799999,2870,19578,25197,51.700001,0.60000002
2.886698464,16.637115,6790,92.199997,0.5129022,50.700001,466,3139,4026,0,0.2
0.808041916,22.800753,32927,93.699997,0.62729239,44,2371,14341,18300,36.5,0.1
0.558791105,19.850994,52552,88.199997,0.53583646,31.700001,3333,24849,27453,21.6,0.60000002
2.060831825,23.521318,80218,88.599998,0.52300358,32.200001,5295,35451,45098,23.200001,1.1
-0.113489388,20.883171,137585,89.400002,0.5376972,37,8627,58068,81013,68.300003,0.80000001
-0.216513615,15.690883,115336,90,0.52071244,41,7373,52891,62485,29.299999,0.40000001
0.68500709,25.625622,203937,90,0.5496763,33.900002,13901,91130,113476,60.599998,1.7
1.593835262,21.64679,52823,86.400002,0.53140843,31.299999,3228,21300,32945,64,0.1
1.059843601,24.210892,38003,89.800003,0.54162633,37.400002,2582,17573,20044,13.3,0
0.318347544,26.954838,82446,86.300003,0.51873696,32.799999,5881,36452,45664,28.4,0.30000001
1.164079254,20.171579,37256,92.599998,0.53547752,39.900002,2396,17194,20866,40,0.1
0.24386936,21.333069,78053,91.300003,0.5633145,43.099998,5499,34913,43616,32.099998,1.3
-0.578482424,15.92946,221285,89.900002,0.49720144,42.900002,12795,94692,131050,76.900002,9.6000004
1.173686118,16.234131,251384,90.800003,0.56245071,43.299999,15963,112833,138842,77.099998,2.8
1.105682271,33.306042,170754,87.800003,0.56673175,30.200001,11848,74275,96800,30.1,4.8000002
1.423798891,21.489992,87996,87.300003,0.495552,33.700001,5691,40805,49757,36.5,1.9
2.144641621,36.553448,10446,85.800003,0.50203687,26.1,864,5155,5507,0,0.80000001
0.334228722,26.227728,75692,92.5,0.57669806,34.5,5308,35216,40749,23.799999,0.60000002
1.637503075,26.625725,47031,88.599998,0.53151321,36,3066,20182,27059,40.900002,0.1
0.584819099,20.279297,235769,87.5,0.54502696,36.900002,13903,93755,146332,89.800003,0.30000001
1.195763288,15.564217,276554,79.099998,0.50337076,33.900002,16930,127123,155498,49.5,1.3
0.468764362,23.243385,349786,84.400002,0.52578872,35.299999,21584,139208,217825,81.099998,0.30000001
1.105314777,19.099524,110009,89.5,0.52206194,40.5,6466,47412,63484,60.599998,1.1
1.504244916,17.521711,55117,88.400002,0.53940427,42.700001,3340,23500,31492,42.5,0.1
1.374296625,15.369647,127976,90.400002,0.5543555,43.599998,8228,57961,70965,53.799999,3.9000001
0.711514857,20.148573,39803,83.400002,0.51736438,39.099998,2213,17104,23424,34.700001,1.5
0.92721263,25.566551,104469,82.099998,0.50515968,33.900002,6630,43026,63132,62,0.1
0.890854845,18.741394,2001874,84.400002,0.49920276,30.700001,110843,842910,1212443,100,26.4
0.515017685,24.024067,174294,84.900002,0.50949538,31.299999,10544,68507,109250,54.099998,0.2
1.279343109,24.429884,26086,73,0.46236131,30.200001,1889,12527,14055,15.2,0.60000002
1.092491025,23.196062,33238,90.599998,0.53065121,39.200001,2412,14665,18321,15.8,0.2
1.011893487,22.289139,36000,89.800003,0.55728084,41.5,2524,16873,19624,19.200001,0.2
1.293295925,18.513245,65346,84.800003,0.49979725,38.5,4273,29592,37071,52.099998,0.60000002
0.164291063,18.251196,218878,89,0.5336982,34.400002,13979,95376,125828,41.099998,4.1999998
-0.441472337,16.967686,354924,90.099998,0.5175637,39.099998,21102,156089,204069,60.700001,2
0.146321425,16.789766,568668,83.400002,0.5279156,32.099998,32688,235424,344128,91.800003,2.3
1.429598552,34.467339,81414,82.699997,0.49855784,35.5,5921,41951,40194,36.599998,26.299999
1.832224344,35.185333,99446,77.199997,0.47023246,25.9,7158,48442,52103,54.400002,19.5
1.729179101,49.199001,44311,49.200001,0.34404004,37.700001,4576,27584,15760,14.3,38.400002
0.034415436,55.04887,38636,82.699997,0.55411625,22.9,3445,21075,15995,16,49.5
2.233712243,70.618179,12387,80.900002,0.60118568,23.200001,1201,6241,5469,0,66.900002
1.544868159,40.236851,216419,84,0.49962121,37.700001,15263,116158,99527,73.5,36.299999
1.242921557,46.753204,30934,75,0.51192814,22.799999,2491,15258,15468,32.200001,39.900002
1.716383034,56.720463,34727,73.800003,0.52428287,22.4,3147,17605,15821,15.3,37
1.214460951,62.052067,28194,78.300003,0.5580079,23.6,2581,14136,13268,19.5,51.099998
0.507497853,53.399071,53339,78.300003,0.52942842,26.799999,4509,28204,24140,24.799999,44.400002
2.222813125,55.277756,24226,88.099998,0.55738479,28.1,2164,12756,11363,14.9,48.799999
2.515530823,62.943707,15623,74.199997,0.51996094,29.4,1360,8191,7149,18.299999,58.200001
-0.033328371,51.624561,85623,80.099998,0.54350305,28.200001,7471,44767,39133,36.5,43.200001
0.880634082,57.564926,35911,82.099998,0.57669389,24.1,3289,18965,14624,43.700001,52.099998
0.727084635,29.699339,209299,76.800003,0.46254522,36.799999,13609,105594,108852,63.700001,17.5
1.383258984,36.141075,44374,81.300003,0.49656269,29.6,3190,21383,23984,49.200001,29.6
1.707547026,64.404961,17758,79.099998,0.56019711,24.299999,1646,8929,8039,0,53.799999
0.845645839,51.802616,68638,77.300003,0.48259792,29.6,5647,37553,30686,24,26.700001
1.418548944,37.785877,39907,80.5,0.49801588,25.6,3123,20664,18952,36.200001,27
0.80577848,39.915009,48102,66,0.46554282,24.4,3908,24262,24179,36.799999,29.5
1.678198626,73.319885,21909,72.5,0.52682513,21.1,2059,11780,8978,16.4,65.800003
0.864267782,33.397427,60935,83.400002,0.49018598,32.400002,4550,31078,30514,44.799999,17.200001
2.584285134,61.52948,8839,80.800003,0.56859326,22.4,874,4585,3774,0,61.599998
1.803113666,64.48835,31991,78.400002,0.54489845,25.299999,2898,16838,14468,41.900002,54.900002
0.867500576,40.214817,40982,75.599998,0.53236789,22.1,3024,21889,18987,21.5,10.7
2.058358626,62.400871,68515,82.5,0.58006525,28,6309,36489,30521,20.200001,60.099998
1.06158624,37.539818,201865,71.900002,0.44912913,43.700001,14122,109031,95248,69.400002,32.400002
1.941350541,52.877747,14877,83.099998,0.54058963,25.1,1276,7157,7284,2,36.599998
1.048999511,36.199947,157032,76.5,0.48975876,28,11495,77969,82551,36.099998,22.1
0.827318743,52.538399,76229,79,0.47075608,35.099998,5718,41701,32114,40.200001,46.700001
1.297697601,39.39053,30314,77.300003,0.48745447,23.299999,2283,14826,15498,34,29.6
0.908297793,72.459213,41851,79.699997,0.5669288,20.5,4175,22636,16440,9.5,66.400002
0.062237156,38.983356,79147,80.300003,0.51791584,28.9,5969,41053,38069,52,28.200001
1.850809095,26.245832,21935,93.800003,0.602997,46.400002,1400,10010,11670,65.400002,0.1
3.099982238,25.987394,4796,84.5,0.49040711,42.799999,360,2137,2749,0,0.1
2.589867235,45.42561,11137,88.800003,0.53822893,27.6,779,4630,6404,0,0
0.08025607,16.816246,87137,92,0.56246489,50.099998,4880,40975,45550,76.900002,0.2
1.838473798,63.482952,5831,82.300003,0.5208593,22.299999,468,3212,2594,0,0.1
2.563949858,41.353176,12018,83.400002,0.50812382,40,828,5170,6650,25.200001,0
2.675679821,40.078411,11307,95.400002,0.57014269,37.5,723,4555,6653,0,0
1.320825007,27.521513,59151,86.199997,0.54170239,45.099998,4553,30310,30877,53.400002,3.3
1.452861643,38.515381,23198,80.900002,0.49065784,27.4,1695,10276,13317,45.200001,11.9
0.506202956,32.397243,57918,84.199997,0.54537141,32.400002,4643,28432,30075,37.900002,4.8000002
0.531589671,37.226395,37924,74.699997,0.46161336,24.299999,2957,19512,19652,42.299999,5.1999998
1.648958677,38.191547,9350,75.400002,0.51429224,20.6,692,4373,5134,0,6.5999999
1.362031125,58.241901,23365,71.699997,0.46452874,16.799999,1858,11756,11908,27.6,3
1.411858374,63.975964,18577,59.700001,0.46416956,15.8,1702,9531,9469,24.4,0
0.333787493,25.906895,399694,87.300003,0.49780083,39.299999,22887,190753,219899,87.699997,19.1
2.089289875,76.995834,24791,72.599998,0.55380917,13.6,2189,12470,10689,0,68.900002
1.305304401,42.272221,25773,83.099998,0.52497405,26.5,1900,12513,13247,19.200001,8.8999996
0.891573687,48.752739,44409,83.900002,0.52865505,24.200001,3184,18967,26182,40.099998,21.5
1.901797583,55.491913,13017,67.099998,0.46358362,12,1030,6206,6457,0,1.4
1.489169085,43.76041,42552,75.900002,0.46419314,23.5,3093,20834,22875,27.9,2.5
-0.85260093,28.287109,238124,86,0.50525689,36.099998,14778,112424,131479,79.199997,19.9
1.715242973,59.366192,17402,78.099998,0.50761789,18.5,1298,8270,9531,24.799999,6.1999998
2.312433339,68.499542,24055,76.599998,0.5570187,16.700001,1967,11391,10909,23.200001,61.299999
1.751577652,55.300232,15982,82.599998,0.499587,15.5,1153,7264,9123,24.5,10.6
2.135292588,62.728802,10739,66.199997,0.50068212,16.4,890,5131,5826,0,1.3
-0.86729378,29.428223,251941,85.199997,0.51599646,38.200001,16074,118026,138893,68.900002,9.1000004
2.63442806,66.771156,9570,57.099998,0.48287147,16,785,4583,4729,0,23
1.563317992,45.910648,23822,82.300003,0.52683914,22.200001,1907,10861,13196,28.6,13.2
1.486379939,35.985359,23810,84.400002,0.52872556,22.6,1861,11401,12933,37,1.9
1.716911795,44.096298,33405,79.400002,0.51197529,23.200001,2588,16200,17990,45.5,5.3000002
1.377651822,55.429951,23387,77.5,0.51938576,18.200001,2047,11787,11686,17.799999,3.9000001
1.112305606,49.976883,24174,70,0.45751527,21,1947,12122,12739,11.9,0.80000001
0.962635776,32.977257,627896,86.199997,0.50058091,39.799999,37220,306408,327143,87.800003,36.299999
2.129472483,47.098923,12629,79.599998,0.49172902,19.200001,842,5078,7176,0,5.0999999
0.238980837,40.936115,35757,79.099998,0.51036841,23.200001,2569,16396,20255,21.799999,11.4
1.361250593,40.881428,26110,82.699997,0.50944811,26.799999,1770,12013,13249,27.6,20
2.130145576,39.085758,27673,80.5,0.50236809,25.9,1898,12246,15776,38,14.9
1.967363626,46.329079,27770,89.800003,0.58019733,31.6,2076,11453,16629,49.599998,29.700001
1.921788402,34.964283,40072,84.900002,0.50583702,31.6,2761,18160,21879,50.599998,17.700001
2.116437522,54.427505,18559,72,0.50887322,22.700001,1698,9354,9185,33.299999,1
2.044383347,46.795242,13801,92.5,0.56234628,17.799999,915,5285,8587,0,21.4
3.410339036,28.774149,5885,90.800003,0.52236897,31.9,373,2347,3617,64.300003,4
1.409767719,46.448452,23584,76.300003,0.45458108,35.099998,1702,12759,10860,58.099998,2.3
1.494109774,33.70319,93989,76.400002,0.3806769,40.599998,5591,49609,46444,65.800003,11.3
0.797566383,34.761894,686409,77.900002,0.4718318,39.200001,45321,349987,337423,93.400002,6.5999999
0.729410207,22.800526,76822,91.300003,0.49358261,39.200001,5324,39580,39792,58.700001,12
0.505290956,39.555264,45065,86.400002,0.61188215,44.900002,2598,24137,20872,86.699997,20.799999
0.249650166,59.036705,151454,79.800003,0.50356072,31.200001,11112,82006,65994,77,0.60000002
1.41288483,45.569099,24327,89.800003,0.56203449,25.6,1812,10204,13198,17.299999,29.700001
2.498843332,31.618887,10679,91.300003,0.52519268,32.099998,743,5061,5454,0,22.1
0.391584415,33.588139,41791,83.099998,0.5073095,30.4,2911,17443,23973,42.5,10.7
2.446917445,39.152287,10549,84.800003,0.54015315,31.200001,810,5093,5151,0,8.3999996
0.919503246,18.803104,952957,84.400002,0.45911467,50.299999,53032,459358,518966,97.5,14.5
1.24624549,26.140619,47590,87.800003,0.63718522,43.400002,2862,24343,23814,64.900002,6.0999999
1.038053536,17.687208,91717,87.400002,0.46056622,44.799999,5491,49450,44448,92.599998,5.3000002
1.337866195,39.347733,44053,78.900002,0.50269359,31.1,3099,18934,24314,50.900002,23.6
0.693839441,29.504967,315040,85.199997,0.46410733,45.599998,18903,172779,143385,89.199997,2.7
2.0382996,57.411732,21987,82.5,0.55664337,24.1,1555,8580,12454,32.5,32.700001
-0.199358948,44.780468,40853,76.900002,0.46053773,22.200001,2804,20754,19964,39.900002,20
1.826350926,62.334801,10466,72.699997,0.52513748,23.9,919,5092,4696,49,0.60000002
1.085413804,26.048351,140000,89.599998,0.51129359,38.200001,9041,66852,76309,89.599998,21.299999
2.59668771,55.032585,18114,76.099998,0.49480605,22.4,1336,7605,10168,32.700001,18.200001
1.062473201,30.458424,73572,88.300003,0.49811116,35.700001,4602,31501,42556,65.400002,8.8000002
1.585916685,42.605267,29162,80.900002,0.52707398,29,2076,13814,15095,49.299999,11.4
1.006598457,32.612377,37026,80.5,0.52349102,39.299999,2720,18688,18189,50.900002,5.4000001
0.98663273,34.867371,24483,86.5,0.51629049,29.6,1806,11786,12996,25.5,16.299999
0.79255011,21.448328,1247358,86.699997,0.49722314,45.299999,72550,613461,659592,94.5,19.799999
1.475300462,46.079262,45620,83.300003,0.55917549,34,3365,21394,24184,52.299999,43.299999
2.296271716,47.158398,22516,92.699997,0.57928586,26.9,1622,9018,12827,32.5,20.700001
0.781747399,65.047371,181842,76.199997,0.52399516,25.799999,14071,97728,78437,71.199997,0.30000001
1.611389806,43.289623,18585,90.900002,0.55443865,28.700001,1247,7063,11700,49.299999,12.5
1.540985181,36.130142,40026,86.900002,0.56560898,35.799999,2574,16766,22756,63.099998,16.299999
1.073324702,22.484249,245172,90.599998,0.51617503,42.599998,15233,118516,131566,95.900002,23.299999
0.965559791,50.683979,34667,78.400002,0.50010878,28.5,2779,18384,15854,71,1.1
2.135461791,55.217937,15139,84,0.55380142,23.4,1209,7221,7572,46.599998,2.8
1.10717889,44.175686,29875,79.599998,0.50103796,26.6,2043,12043,17894,56.400002,29.799999
1.149737154,43.715176,29914,75.5,0.4938136,38.700001,1923,17296,12832,84.199997,3.4000001
0.879741845,43.953018,31710,87.900002,0.53357989,27.1,2324,15143,16715,48.5,23.4
1.965755759,55.068153,20020,69.900002,0.48235011,24.4,1609,8272,12594,30,28.4
0.513100474,25.105648,157980,81.099998,0.49563894,47.299999,9436,84039,73262,86.900002,7.9000001
0.825977853,30.879145,150637,88.300003,0.50502837,38.400002,8728,69804,82854,80.5,16
3.461903255,55.447647,6971,86.300003,0.53053719,24.299999,496,2718,4155,0,33.099998
1.148506542,41.103539,26022,85.199997,0.53943551,31.4,1873,12400,13297,59.599998,20.700001
1.007214286,15.928461,68058,86.599998,0.45406166,60.5,3973,36266,33844,93.400002,9.3000002
3.595753512,41.812992,4560,97.699997,0.6502732,30.4,298,1464,3043,0,0
2.527104577,36.559887,11515,85.5,0.5442391,30.700001,831,5086,6077,57.400002,7.4000001
-0.119248655,43.774239,26733,85.800003,0.5502212,29.299999,1950,12206,14577,34.200001,22.799999
2.071870277,36.873905,12642,86.900002,0.49658617,34.599998,906,6005,6729,24.9,26.9
4.297685476,35.76973,3092,92.099998,0.60689658,30.4,207,1160,1704,0,9.3000002
1.821981579,48.342831,28351,87.099998,0.59814709,30.6,1938,12629,15483,45.200001,26.799999
1.297148617,45.771187,34241,85.400002,0.55687326,28,2420,13829,20718,59.099998,24.799999
2.066169975,58.680164,10714,81.900002,0.54996896,19.200001,836,4833,5337,0,33.200001
0.126625779,36.736961,220965,80.300003,0.496622,39.700001,15478,116193,104553,88.699997,4.5999999
0.232032963,23.713039,61148,88.900002,0.48644602,38.799999,4165,32057,29498,66.400002,9.8999996
1.61440024,32.871704,20655,81.800003,0.48147729,37.900002,1189,8854,11843,53.900002,4.3000002
2.103078719,25.352669,10186,85.599998,0.48268756,43,735,4852,4641,0,2.5
1.6695595,55.850765,14350,92.400002,0.56717658,21.9,1113,6014,7668,24.5,29.299999
1.565696139,18.053312,115984,75.5,0.41796216,48,7349,60594,57736,97.699997,6.6999998
2.184713157,41.576763,6090,77.199997,0.51134586,30.299999,445,2556,3312,0,23.5
1.683838252,54.487896,20584,83.800003,0.54241854,23,1544,8534,11752,22,25.6
0.624535683,32.628883,86602,91,0.52616286,41.200001,5584,39923,47695,59.900002,27
3.255928921,25.052561,9090,92.400002,0.50794125,40.5,526,3337,5697,70.599998,4.4000001
1.264014094,19.883444,539392,85.800003,0.48371309,46.799999,30975,261314,292211,94.599998,11
0.788568354,20.43288,100787,83.5,0.47109717,50.799999,5711,52936,50431,90.400002,4.5
1.919979259,28.636391,16724,77,0.48050255,34.799999,1178,8437,7947,63.200001,3.7
1.070506015,30.136019,64794,86.199997,0.50231969,41.099998,4101,30823,34563,91,4.8000002
0.636382577,29.309174,212545,82.099998,0.54232174,48.200001,12545,109400,107062,88.199997,12.7
2.796062055,54.62051,10675,85.5,0.53144449,24.700001,825,4659,5899,0,20.9
1.461535243,41.776527,20284,88.900002,0.583139,29.4,1448,8576,11067,25.799999,25.9
1.522251575,46.721836,17286,80.5,0.5423457,29.9,1310,8100,8551,61.200001,0.89999998
1.453931,40.893867,19140,84.599998,0.5465889,24.200001,1318,7373,11808,0,7.5
0.462829456,35.927616,46732,83.199997,0.50014919,36.200001,3162,23459,23225,71.099998,8.6000004
1.805513629,51.807102,19371,72.599998,0.50514376,20.799999,1325,7582,11579,40.400002,31.9
-0.128797677,60.024483,66506,80.300003,0.52972955,25.299999,4857,33872,29324,93.699997,0.30000001
1.732764417,45.164547,38855,82.699997,0.52101117,26.799999,2969,18395,19479,35.200001,20.5
-0.00332449,20.790615,124566,78.099998,0.40983161,46.5,7351,62533,64501,95.300003,7
0.439746077,45.560009,36175,83.400002,0.55076921,25.799999,2445,14950,19912,41.799999,13.9
1.695540597,18.720909,10746,97.900002,0.67565697,61.200001,773,5784,4933,69.900002,0
1.88928412,35.073483,11265,97.900002,0.71376073,47.700001,957,4898,5931,0,0
1.386054357,23.865728,11995,90.199997,0.56767344,47.5,892,6125,5190,31.6,0
0.323617901,16.674818,107433,91.199997,0.65554112,56.799999,7798,59293,46150,84.300003,0
1.318673066,29.146341,10707,93.300003,0.69244355,50.200001,856,5095,4838,49.900002,0
0.758112486,20.180151,73853,88.199997,0.57326001,47.299999,4307,37285,36821,69.300003,0.30000001
1.099913142,30.623581,29959,84.699997,0.52734172,32.400002,2113,13441,15814,29.9,0.1
1.926892104,32.817596,10941,82,0.54605263,41.900002,854,5016,5958,0,0
1.557225059,30.184204,20053,86.400002,0.56038123,32.799999,1504,9233,10705,24.9,0
0.739149271,23.365232,46937,85.599998,0.567577,44.299999,3142,20103,26780,39.200001,0.1
1.51002249,19.820066,43111,88.300003,0.56424963,43.599998,2651,19004,24174,51.700001,0.1
0.664637463,33.855888,31102,77.5,0.53610772,39.700001,1814,15523,16123,0,14.7
2.575181522,33.146095,23293,60.700001,0.41718373,23.9,1751,11604,11943,9.3000002,22.700001
1.21484841,30.099092,37710,78.400002,0.46691319,31.6,2716,17847,20360,0,4.4000001
1.153089647,36.876152,31488,81.900002,0.48966956,24.5,2233,14375,16896,19.1,19.299999
1.674990269,34.892368,16833,84.699997,0.50163645,28.200001,1259,7944,9037,0,9.1000004
2.330907403,59.086472,37242,60.400002,0.46713549,11.6,3515,21330,14744,0,0
1.074729724,31.463186,33260,79,0.45947254,28.9,2292,16532,17125,17.200001,21.1
1.798240422,45.822548,13024,82.199997,0.49928263,23.799999,1054,6273,6441,0,15.8
2.231381347,49.813793,13459,74,0.49226007,22.6,1110,6460,6926,0,39.900002
0.929046707,46.680244,22181,65.400002,0.40291852,17.799999,1451,9868,12650,0,61.700001
2.467813558,42.031307,10700,80.900002,0.51784962,17,890,4762,5849,0,5.0999999
3.240099442,51.583382,7047,81.5,0.51367599,26.6,503,3327,3872,0,37.700001
1.289966511,40.655937,26446,77.400002,0.49677071,19.299999,2095,13006,13228,0,14.4
1.869764225,42.316475,12264,76.699997,0.46825847,29.1,834,5277,6739,0,28.1
1.864781885,47.028515,17091,70,0.40703088,17.5,1289,8164,9677,0,3.9000001
1.967113364,56.427876,16480,73.5,0.52828586,20.200001,1379,8255,7731,34.299999,54.799999
1.918684192,53.222443,34139,78.800003,0.51355863,21.6,2918,16779,16561,0,44
1.582503907,28.047567,27301,75.400002,0.51116055,34.5,2239,13485,14379,10.1,25.299999
1.905101741,31.511452,41018,78.699997,0.44488373,19.9,2956,21500,19617,16.700001,22.6
4.17533768,57.943039,3160,0,0.43255463,27,207,1327,1917,0,0.60000002
2.384934646,44.789921,17492,80.800003,0.48513356,25.4,1346,8610,8419,0,52.599998
2.375585988,28.068718,7373,83.800003,0.47940505,36.299999,517,3496,3845,0,26.9
2.570464582,41.298397,7671,83.400002,0.54254115,28,625,3526,4020,0,44.299999
0.787743606,33.084354,33158,82.900002,0.58533335,33.799999,2163,18000,16025,32.599998,4.3000002
2.144044041,25.856224,52351,81.599998,0.49560156,28.6,1115,7389,9484,0,54.099998
2.170767648,50.079807,10024,84.900002,0.51928741,28.299999,1157,6792,8439,24.200001,42.700001
1.409576736,44.281288,14863,76.300003,0.49273804,19.4,4853,29744,28642,0,34.200001
2.153131161,44.025158,6767,49.900002,0.39742491,31.200001,965,6990,7145,30.4,39.900002
0.523871416,28.595329,20073,76.300003,0.35466266,46.5,2384,29318,21639,23.6,7.9000001
1.148317368,20.13302,49863,82.400002,0.51312327,27.799999,2171,13297,14537,38.400002,6.5999999
3.098429646,26.419388,75856,66.699997,0.44400784,19.6,437,2545,2898,0,17.6
3.095994671,35.763329,27143,81.300003,0.46809232,24.799999,455,2946,3550,0,34.700001
1.182553847,52.989914,5586,86.300003,0.49439728,38.5,3788,29450,34532,44.799999,5.9000001
1.58635633,31.602982,41171,76.400002,0.50223863,18.700001,2188,12731,13514,0,1.2
2.398600479,33.299644,21902,74.800003,0.49693564,25.6,2196,13706,13303,0,59
2.113619006,54.502956,28000,85,0.4262999,32.099998,1052,8616,8406,0,1.6
1.473422133,45.833241,45223,72.300003,0.48334119,25.9,2914,19119,19616,13.6,2.5
0.882251681,43.955441,38942,77.900002,0.52391052,15.9,3900,22166,21309,16.799999,2.8
1.639982966,48.456932,21849,88.199997,0.43652627,58.299999,4800,43711,49937,100,11.4
0.851064913,31.731886,306852,86.599998,0.43823215,41.700001,7123,58987,57032,100,34
0.834088775,40.514664,5070,80.900002,0.38414964,40.799999,15747,160539,150979,100,25.799999
1.618663704,25.094326,97391,80.800003,0.4892568,37.5,11822,94106,131950,100,41.799999
1.543579951,21.372231,8046,86.699997,0.51611704,37,861,5367,7494,100,37.299999
0.25495248,16.737207,15674,90,0.39484429,58,455,3918,4354,60.799999,15.2
1.684727316,16.763523,29961,91.300003,0.5604322,45.299999,2085,13420,16645,42.099998,0.1
1.121993505,17.120895,23103,95.800003,0.6051966,54.400002,1453,11469,11907,74.599998,5.3000002
1.88954871,16.386902,47293,93.199997,0.51097709,56.400002,2872,24369,22178,45.400002,1.8
1.119754215,19.361582,19633,94.099998,0.4195042,55.900002,1115,10367,9368,20.1,1
2.092810503,24.698713,14870,96.099998,0.58547658,42.200001,949,5949,8832,22.5,0.1
0.951754666,16.560833,322396,89.5,0.5002203,47.200001,19314,154324,173243,72.699997,3.3
1.820488218,16.418688,52055,94.199997,0.58238393,47.299999,3332,22207,29554,44.799999,0.1
0.220422252,18.087336,70270,95.5,0.62322158,47.700001,4782,30997,39651,52.900002,0.1
0.692753953,23.582954,145305,89.900002,0.57952172,40.200001,10844,67535,76823,51.200001,1.1
0.916215769,27.371567,34023,82.800003,0.49569529,29.700001,2058,14519,19884,44.900002,3.9000001
0.697335995,43.158394,61920,80.300003,0.58123595,21.4,5232,29322,31924,11.2,12.3
2.40240545,57.368607,8552,78.599998,0.52061069,20.5,678,3930,4405,0,2.8
1.214898916,45.241447,35188,84.599998,0.54002249,29.299999,2670,16016,18645,7.8000002,5.5
0.445552945,26.690575,78415,84.900002,0.53120375,37.700001,5292,33778,45376,45,1.7
1.02395397,23.549925,253478,84.300003,0.51061034,39.799999,17105,122663,135308,66.800003,5.6999998
1.476612967,56.373497,21247,68,0.52509248,13.8,1864,10541,9583,0,0
1.761676531,50.348572,71012,79.099998,0.58625704,19.799999,6529,36455,33676,11.7,22.299999
1.339467996,24.239107,64558,84.699997,0.54640812,36,4294,27743,37522,47.799999,4.3000002
1.013793343,20.4835,38844,83.199997,0.44950598,31.1,2278,17408,22107,55.200001,0.89999998
1.474950749,33.125744,24951,79.300003,0.47468886,26.5,1787,11892,12871,23.700001,2.2
1.62747457,51.924866,39857,73.5,0.55036628,19.9,3726,20748,18323,17,5.1999998
1.337885219,47.417526,25455,80.400002,0.54890925,21.1,2232,12789,12598,16.200001,0
1.487928525,19.509243,69437,87.5,0.51561022,38.5,3724,28539,41371,87.099998,3.0999999
2.850420507,53.967854,7910,78.300003,0.52988911,20.700001,615,3697,4463,0,2.0999999
2.0066001,49.52631,26777,84.5,0.54298115,25.700001,2234,12901,14159,9.3000002,0.40000001
2.055334436,46.727905,15948,73.300003,0.48179558,20.6,1189,6839,9025,16.9,0.1
2.126617058,58.063427,15504,79.099998,0.49050233,22.200001,1153,7107,8883,33.200001,6.5999999
1.955384907,42.96217,15296,75.400002,0.5209645,31.1,1304,6511,8712,38.599998,1.3
2.138766979,63.75,13368,66.599998,0.54141152,15.1,1295,6858,6610,0,0
1.315575018,20,78113,86.699997,0.50041753,38.299999,4701,35928,43371,72.5,0.80000001
1.667967824,39.377712,35526,76.800003,0.54866087,19.299999,3263,18968,15702,10.2,3.7
1.825792036,26.817278,34461,92.099998,0.59362495,33.599998,2498,14745,19098,21.299999,0
2.391634899,36.964558,9260,96.199997,0.62472707,30.299999,722,3664,5432,0,0.1
0.716170156,23.514524,45583,87.900002,0.55423188,35.900002,3380,20901,23847,33.900002,0
1.004985368,20.2761,45722,94.900002,0.62786198,40.900002,2991,19130,25523,75.400002,0.1
0.931277507,15.804231,74629,91.699997,0.55655974,38.900002,4660,33416,41286,58,0.1
1.906160719,18.936115,15321,94.400002,0.55939072,37,949,6171,9249,31.1,0
2.80626966,32.767563,19513,91.800003,0.5757007,43,1322,8527,10614,14.8,0.1
0.369658847,15.957062,71927,95.099998,0.59459871,45.900002,4586,32807,39897,70,0
0.002422962,18.482605,88977,91.300003,0.55428863,33.200001,6134,40957,47230,46.799999,0
0.822480499,24.195738,31426,92.400002,0.53435278,43.799999,54562,460894,592906,100,6.0999999
1.181331105,28.895027,25451,90.300003,0.59298217,36.200001,2357,13594,17414,36.5,0.2
1.409112731,21.397112,21463,93.099998,0.62383026,28.4,2023,10793,13690,19.1,0
0.492412905,28.974039,7328,91.599998,0.57521731,45.099998,2250,18061,20228,67.900002,0
1.329914018,24.868286,24795,92.099998,0.62169772,37.700001,1452,10296,11889,18.799999,0.1
0.766341646,33.442123,14495,93.199997,0.6131928,37.799999,2533,17267,19387,48.299999,0
-0.467619529,32.560669,17708,87.800003,0.52790481,40.5,8236,65150,76906,72.599998,3.7
-0.251723263,30.630875,14891,91.900002,0.53932309,45.700001,6689,52590,61464,69.699997,2
1.681068233,35.352585,9761,92.800003,0.58589453,35.299999,2586,15455,20318,30.5,0
0.142059128,35.680752,17578,94.300003,0.5607776,37.5,5092,36831,49792,63.5,0
1.475125621,32.545353,25901,92.599998,0.58071887,30.799999,1704,9626,13560,0,0
-0.227171452,22.57205,35925,94.099998,0.56508803,51.799999,10098,75951,82966,65.099998,0.1
-0.052706303,15.42452,58768,93.300003,0.56325364,44,6279,48598,59606,72.099998,0
2.16317106,23.13265,12050,95.699997,0.6220572,46.5,1032,5522,6182,0,0
1.747924433,22.858019,26909,85.400002,0.48879975,46.799999,1795,13214,12928,42.099998,0.1
2.452942961,17.287714,9010,83.099998,0.47104332,53.299999,673,4524,4364,65.400002,0.40000001
